"","id","name","city","country","deliveryPoint_creator","west","east","north","south","CC","uni_lng","uni_lat","fw_lat","fw_lng","dist_km"
"1",1,"036369da6d093620a4d4d2af0cad1804.xml","Fairbanks","United States","Forest Soils Laboratory University of Alaska Fairbanks O'Neill Bldg",-148.31389,-148.2549125,64.74167,64.69889576,"US",-147.71639,64.83778,64.72028288,-148.28440125,30.0255173877971
"2",2,"045863cf39b92aeb5ff090113f199a9d5c16c696.xml","Albuquerque","United States","Forest Ecosystems and Society Department in Forestry",-122.34493256,-122,44.39608383,44,"US",-106.65114,35.08449,44.198041915,-122.17246628,1668.25168610872
"3",3,"04adca0ea0f389ff4f495771a71a98c3ab69399f.xml","Fairbanks","United States","Department of Biological Sciences, University of Texas-Brownsville, One West University Blvd, LHSB 2.810",161.44672,161.49712,68.7431,68.75601,"US",-147.71639,64.83778,68.749555,161.47192,2209.17499053425
"4",4,"054a9b5d155111b01bada561d925f767.xml","Corvallis","United States","Forest Ecosystems and Society Department in Forestry",-122.257146,-122.126996,44.28226,44.201274,"US",-123.26204,44.56457,44.241767,-122.192071,92.4740916077954
"5",5,"06576cd31d20a41dbd7f1b4f29284ef2fff59ba6.xml","Albuquerque","United States","8080 NW Ridgewood Drive",-148.32123,-148.2854,64.76594,64.69559,"US",-106.65114,35.08449,64.730765,-148.303315,4305.53924239554
"6",6,"07b219c9185a3454a214783ec3184d2921457b42.xml","Albuquerque","United States","Forest Soils Laboratory University of Alaska Fairbanks O'Neill Bldg",-148.31389,-148.2549125,64.74167,64.69889576,"US",-106.65114,35.08449,64.72028288,-148.28440125,4304.17999736569
"7",7,"07d38004b99cf412412cc4e7762dd36c.xml","Fairbanks","United States","8080 NW Ridgewood Drive",-148.32123,-148.2854,64.76594,64.69559,"US",-147.71639,64.83778,64.730765,-148.303315,30.354538152046
"8",8,"09681963d63e37b94ed29402fa24d16cf94d0322.xml","Fairbanks","United States","Forest Soils Laboratory University of Alaska Fairbanks O'Neill Bldg",-148.3537914,-148.1426888,64.7666796,64.67834557,"US",-147.71639,64.83778,64.722512585,-148.2482401,28.3733708822272
"9",9,"09879c20be3bfbb08a14614d5a3a42c06300d814.xml","Fairbanks","United States","8080 NW Ridgewood Drive",-149.45,-149.25,60.7333,60.310833,"US",-147.71639,64.83778,60.5220665,-149.35,488.196557381185
"10",10,"0dee77fb4d3770744bc9fc4c74c98bfd31f8a6f2.xml","Albuquerque","United States","Forest Soils Laboratory University of Alaska Fairbanks O'Neill Bldg",-148.31389,-148.2549125,64.74167,64.69889576,"US",-106.65114,35.08449,64.72028288,-148.28440125,4304.17999736569
"11",11,"0f8dba36c217e33022e9981f7743ebc3.xml","Corvallis","United States","Forest Ecosystems and Society Department in Forestry",-122.16815,-122.16381,44.22146666,44.215662,"US",-123.26204,44.56457,44.21856433,-122.16598,95.4184613438722
"12",12,"101a38c01943cefb5636e7bbae43bcda235832fe.xml","Albuquerque","United States","Forest Ecosystems and Society Department in Forestry",-122.16815,-122.16381,44.22146666,44.215662,"US",-106.65114,35.08449,44.21856433,-122.16598,1669.02322460188
"13",13,"103721b9def3bbf043178713bdb6dcd6078b7f28.xml","Albuquerque","United States","Forest Soils Laboratory University of Alaska Fairbanks O'Neill Bldg",-148.3537914,-148.1426888,64.7666796,64.67834557,"US",-106.65114,35.08449,64.722512585,-148.2482401,4302.80129408706
"14",14,"1065eea91cd432eae528630382ff454fa98a7a69.xml","Albuquerque","United States","Forest Ecosystems and Society Department in Forestry",-122.261722,-122.261722,44.281964,44.281964,"US",-106.65114,35.08449,44.281964,-122.261722,1679.24485934061
"15",15,"1073dcdae8715c5be251c204c666ec909bb6ce80.xml","Fairbanks","United States","Department of Biology and Wildlife, University of Alaska Fairbanks, Murie Building",-148.2682,-148.2964,64.7088,64.6991,"US",-147.71639,64.83778,64.70395,-148.2823,30.7831275323416
"16",16,"1080741a59752e4fa1607562b617105fcf78de72.xml","Fairbanks","United States","Department of Biology and Wildlife;  Institute of Arctic Biology:  University of Alaska Fairbanks 193 Arctic Health P.O. Box 757000",-148.3537914,-148.1468545,64.76810641,64.67834557,"US",-147.71639,64.83778,64.72322599,-148.25032295,28.4256049923958
"17",17,"10d8b97da1cdc7ffeca1e357a5d53fee2db60f2b.xml","Albuquerque","United States",NA,-72.393,-71.982,42.541,42.296,"US",-106.65114,35.08449,42.4185,-72.1875,3081.2615075817
"18",18,"11086ec5837e47cf35382263e05837d37fb4ad14.xml","Albuquerque","United States","Forest Ecosystems and Society Department in Forestry",-122.190191,-122.190191,44.232852,44.232852,"US",-106.65114,35.08449,44.232852,-122.190191,1671.50566917113
"19",19,"11b1735c4252ba83e9cb9baa7ad9957685714e48.xml","Albuquerque","United States","Department of Biology and Wildlife, University of Alaska Fairbanks, Murie Building",-148.2682,-148.2964,64.7088,64.6991,"US",-106.65114,35.08449,64.70395,-148.2823,4303.19824309604
"20",20,"1355d15e79ebda0e7b936d85ea46524ff82d2ac2.xml","Albuquerque","United States","Department of Biology and Wildlife, University of Alaska Fairbanks, Murie Building",-148.2682,-148.2964,64.7088,64.6991,"US",-106.65114,35.08449,64.70395,-148.2823,4303.19824309604
"21",21,"143f2814b3d4dcc7d4608c38b3636daf.xml","Fairbanks","United States","8080 NW Ridgewood Drive",-148.32123,-148.2854,64.76594,64.69559,"US",-147.71639,64.83778,64.730765,-148.303315,30.354538152046
"22",22,"170fe3d35810e1dee8266f135cb1d43e.xml","Fairbanks","United States","Institute of Arctic Biology  University of Alaska Fairbanks P.O. Box 757000",-148.1734,-148.17303,64.41417,64.41366,"US",-147.71639,64.83778,64.413915,-148.173215,52.0629210178847
"23",23,"1a0059cb2314c139d8b69f3dd7e0fb15.xml","Petersham","United States",NA,-72.23,-72.16,42.45,42.55,"US",-72.18703,42.48759,42.5,-72.195,1.52631702065941
"24",24,"1a9f774957e3aa9329a988ca6d20470437fbd93a.xml","Fairbanks","United States","School of Natural Resources and Agricultural Sciences, University of Alaska Fairbanks, P.O. Box 757200",-151.55806,-141.1070868,67.9269131,60.11494602,"US",-147.71639,64.83778,64.02092956,-146.3325734,112.857564524881
"25",25,"1c1bee228c321160726f5e89331d3329bbc51f70.xml","Fairbanks","United States","Institute of Arctic Biology  University of Alaska Fairbanks P.O. Box 757000",-149.06571,-143.22145,64.41417,63.01548,"US",-147.71639,64.83778,63.714825,-146.14358,146.545928729676
"26",26,"1c26b409b9706d5b25ff1e1d2ae64a64.xml","Fairbanks","United States",NA,-148.2640747,-147.4913325,65.15393372,64.68195711,"US",-147.71639,64.83778,64.917945415,-147.8777036,11.761169317152
"27",27,"1dd4bed4b5702cc57e0c9d6e994b67fa9eecf017.xml","Albuquerque","United States",NA,-72.22,-72.21,42.48,42.47,"US",-106.65114,35.08449,42.475,-72.215,3079.4207874321
"28",28,"1f972ddf6f462fd6fc593406ff14ce85d945646a.xml","Albuquerque","United States","Forest Ecosystems and Society Department in Forestry",-122.261722,-122.100847,44.281964,44.197704,"US",-106.65114,35.08449,44.239834,-122.1812845,1671.31565380371
"29",29,"201298a9fff3a46d94b8fd91163b70a6d2736a94.xml","Fairbanks","United States","Department of Biology and Wildlife;  Institute of Arctic Biology:  University of Alaska Fairbanks 193 Arctic Health P.O. Box 757000",-148.3537914,-148.1468545,64.76810641,64.67834557,"US",-147.71639,64.83778,64.72322599,-148.25032295,28.4256049923958
"30",30,"2102c0bfc1973c57d53402cca38dfc2758011de8.xml","Albuquerque","United States","Forest Ecosystems and Society Department in Forestry",-122.4327,-121.8676853,45.84017138,44.1692,"US",-106.65114,35.08449,45.00468569,-122.15019265,1715.99210053041
"31",31,"23861806501d7564460ce2766cd62847.xml","Bangalore","India",NA,76.5292,76.5292,11.5967,11.5967,"IN",77.59369,12.97194,11.5967,76.5292,191.192915158846
"32",32,"23a4ffaac7ac3d8f6a640bef0bfdd027b7077e7e.xml","Albuquerque","United States",NA,-148.3790685,-148.1426888,64.7666796,64.6719571,"US",-106.65114,35.08449,64.71931835,-148.26087865,4303.15065021149
"33",33,"24318a11940f69d5a77c6e6411610e718a848782.xml","Fairbanks","United States",NA,-148.3790685,-148.1426888,64.7666796,64.6719571,"US",-147.71639,64.83778,64.71931835,-148.26087865,29.071989582358
"34",34,"24db3e20049c602c5f12d22765273f6bd6306119.xml","Fairbanks","United States","Forest Soils Laboratory University of Alaska Fairbanks O'Neill Bldg",-148.31389,-148.2549125,64.74167,64.69889576,"US",-147.71639,64.83778,64.72028288,-148.28440125,30.0255173877971
"35",35,"24f3e13d656e5f3813264d793a5fc4a5a19854a7.xml","Albuquerque","United States","Forest Soils Laboratory University of Alaska Fairbanks O'Neill Bldg",-148.3537914,-148.1426888,64.7666796,64.67834557,"US",-106.65114,35.08449,64.722512585,-148.2482401,4302.80129408706
"36",36,"2518919b00caed6ec2f30b0e36820296.xml","Fairbanks","United States","Forest Soils Laboratory University of Alaska Fairbanks O'Neill Bldg",-148.3537914,-148.1426888,64.7666796,64.67834557,"US",-147.71639,64.83778,64.722512585,-148.2482401,28.3733708822272
"37",37,"26460ccb75592a0259e8a5b75f8f43bd9eac81bb.xml","Corvallis","United States","Forest Ecosystems and Society Department in Forestry",-122.260773,-122.111592,44.281997,44.201982,"US",-123.26204,44.56457,44.2419895,-122.1861825,92.8969237314479
"38",38,"2a68f417b8abd4ab2bda8b9bd5ae7cceae52dfef.xml","Albuquerque","United States","Forest Ecosystems and Society Department in Forestry",-122.261722,-122.100847,44.281964,44.197704,"US",-106.65114,35.08449,44.239834,-122.1812845,1671.31565380371
"39",39,"2c1c9256d1cbd1ea82ace9c74a2e976301a6aec4.xml","Albuquerque","United States","Forest Ecosystems and Society Department in Forestry",-122.258,-122.112,44.277,44.208,"US",-106.65114,35.08449,44.2425,-122.185,1671.72457144199
"40",40,"2ca475590bb3934912e4e6d2769d41f461b0669c.xml","Albuquerque","United States",NA,-72.393,-71.982,42.541,42.296,"US",-106.65114,35.08449,42.4185,-72.1875,3081.2615075817
"41",41,"2db193ff2ede0815886e544b2274827c4516a0fb.xml","Albuquerque","United States","Department of Biology and Wildlife;  Institute of Arctic Biology:  University of Alaska Fairbanks 193 Arctic Health P.O. Box 757000",-148.31389,-148.31389,64.74167,64.74167,"US",-106.65114,35.08449,64.74167,-148.31389,4306.57524232872
"42",42,"2ed9210a72431eef44ea2e300064bc1a14b6937a.xml","Fairbanks","United States","Department of Biology and Wildlife;  Institute of Arctic Biology:  University of Alaska Fairbanks 193 Arctic Health P.O. Box 757000",-148.3537914,-148.1468545,64.7666796,64.67834557,"US",-147.71639,64.83778,64.722512585,-148.25032295,28.4617276416834
"43",43,"2fbc358d595e3649a5bf9483922b7f83a4ca8c12.xml","Fairbanks","United States","Forest Soils Laboratory; Department of Forest Sciences; SNRAS; University of Alaska Fairbanks",-148.3790685,-148.1468545,64.7666796,64.6719571,"US",-147.71639,64.83778,64.71931835,-148.2629615,29.1602820238402
"44",44,"334554da45419e0c9d1609789a2f8228.xml","Amherst","United States",NA,-71.92306,-72.47918,42.72851,42.30162,"US",-72.51852,42.36723,42.515065,-72.20112,30.8485955439988
"45",45,"33701c0c9dade4f1c295fe4db402287d5fbe379a.xml","Albuquerque","United States","Forest Ecosystems and Society Department in Forestry",-122.256831,-122.235813,44.208517,44.199017,"US",-106.65114,35.08449,44.203767,-122.246322,1673.59703585319
"46",46,"370d6d6e4b92c3c9c0b7553ed30b357fa6d695c2.xml","Fairbanks","United States","Forest Soils Laboratory University of Alaska Fairbanks O'Neill Bldg",-148.2482407,-148.2482407,64.69779026,64.69779026,"US",-147.71639,64.83778,64.69779026,-148.2482407,29.7333516837054
"47",47,"37c2adf2ef2e62812bd0488e9079f1cbf3b6187c.xml","Fairbanks","United States","Forest Soils Laboratory University of Alaska Fairbanks O'Neill Bldg",-148.3537914,-148.1426888,64.7666796,64.67834557,"US",-147.71639,64.83778,64.722512585,-148.2482401,28.3733708822272
"48",48,"38465b8173b07834266a70c366991085ef23a4e8.xml","Albuquerque","United States","Forest Soils Laboratory University of Alaska Fairbanks O'Neill Bldg",-148.3537914,-148.1426888,64.76810641,64.67834557,"US",-106.65114,35.08449,64.72322599,-148.2482401,4302.8404280531
"49",49,"386610048326b48b017e744b867615178487f089.xml","Albuquerque","United States","Forest Ecosystems and Society Department in Forestry",-122.16815,-122.16381,44.22146666,44.215662,"US",-106.65114,35.08449,44.21856433,-122.16598,1669.02322460188
"50",50,"39da0323aeccd41bb11abab90e831486.xml","Corvallis","United States","Forest Ecosystems and Society Department in Forestry",-122.190191,-122.190191,44.232852,44.232852,"US",-123.26204,44.56457,44.232852,-122.190191,93.0062328122986
"51",51,"3ab89c7d30f4c4ba480a16b88012cd31f188ba25.xml","Amherst","United States",NA,-71.92306,-72.47918,42.72851,42.30162,"US",-72.51852,42.36723,42.515065,-72.20112,30.8485955439988
"52",52,"3b56820f77270d4b4f30f41e270cb6a5207c0fbb.xml","Fairbanks","United States","Department of Biological Sciences, University of Texas-Brownsville, One West University Blvd, LHSB 2.810",161.44672,161.49712,68.7431,68.75601,"US",-147.71639,64.83778,68.749555,161.47192,2209.17499053425
"53",53,"3c8c603302365b5fdaa526ad2909e19e.xml","Corvallis","United States","Forest Ecosystems and Society Department in Forestry",-121.98988694,-121.98988694,43.76596138,43.76596138,"US",-123.26204,44.56457,43.76596138,-121.98988694,135.006624416704
"54",54,"3f8bec8dcec697eda8ec7a0931ef1eb0.xml","Corvallis","United States","Forest Ecosystems and Society Department in Forestry",-122.258,-122.112,44.277,44.208,"US",-123.26204,44.56457,44.2425,-122.185,92.9616367287653
"55",55,"41456d1f6d28e0f575421a27bd43ed0286f4f8f1.xml","Redding","United States",NA,-72.393,-71.982,42.541,42.296,"US",-122.39168,40.58654,42.4185,-72.1875,4134.86267699294
"56",56,"41ad408ec06cb2f08ac4ad8fbc8c662f52b32648.xml","Corvallis","United States","Forest Ecosystems and Society Department in Forestry",-122.1520882,-122.1260567,44.2802084,44.2030893,"US",-123.26204,44.56457,44.24164885,-122.13907245,96.3842344969906
"57",57,"42b95b132a2125b491b3ed22ef86ab14a201e12f.xml","Fairbanks","United States","8080 NW Ridgewood Drive",-148.233156,-148.233156,64.748597,64.748597,"US",-147.71639,64.83778,64.748597,-148.233156,26.5027626790689
"58",58,"44f5ee91cf5c47280960018c92ce6572638b59ec.xml","Corvallis","United States","Forest Ecosystems and Society Department in Forestry",-122.1520882,-122.1260567,44.2802084,44.2030893,"US",-123.26204,44.56457,44.24164885,-122.13907245,96.3842344969906
"59",59,"45b40f082df0bce221fd1ecf281eb71db08d412a.xml","Albuquerque","United States","Forest Ecosystems and Society Department in Forestry",-122.261722,-122.100847,44.281964,44.197704,"US",-106.65114,35.08449,44.239834,-122.1812845,1671.31565380371
"60",60,"47413a5d83cac9cd03c7047ee87ba3429bdc9730.xml","Fairbanks","United States","Forest Soils Laboratory; Department of Forest Sciences; SNRAS; University of Alaska Fairbanks",-148.264909,-148.1532447,64.7050112,64.6719571,"US",-147.71639,64.83778,64.68848415,-148.20907685,28.7553488819789
"61",61,"4784e8122fd52b9c4959b049e16d82750afa2297.xml","Albuquerque","United States","Department of Biology and Wildlife, University of Alaska Fairbanks, Murie Building",-148.2682,-148.2964,64.7088,64.6991,"US",-106.65114,35.08449,64.70395,-148.2823,4303.19824309604
"62",62,"480bcded43263930a6a55fde98656d61.xml","Fairbanks","United States","Department of Biology and Wildlife;  Institute of Arctic Biology:  University of Alaska Fairbanks 193 Arctic Health P.O. Box 757000",-148.31389,-148.31389,64.74167,64.74167,"US",-147.71639,64.83778,64.74167,-148.31389,30.3622410911455
"63",63,"48567d35f9f20e774820363dfb1ba4c3d5648826.xml","Albuquerque","United States","Forest Soils Laboratory University of Alaska Fairbanks O'Neill Bldg",-148.3537914,-148.1426888,64.76810641,64.67834557,"US",-106.65114,35.08449,64.72322599,-148.2482401,4302.8404280531
"64",64,"4a5dffe916e2d97f333047e0bb63422b487caac2.xml","Albuquerque","United States","Department of Biology and Wildlife;  Institute of Arctic Biology:  University of Alaska Fairbanks 193 Arctic Health P.O. Box 757000",-148.3537914,-148.1468545,64.7666796,64.67834557,"US",-106.65114,35.08449,64.722512585,-148.25032295,4302.88772467281
"65",65,"4d92ae6ac382fa2ed906a32d62542b87.xml","Corvallis","United States","Forest Ecosystems and Society Department in Forestry",-122.261722,-122.100847,44.281964,44.197704,"US",-123.26204,44.56457,44.239834,-122.1812845,93.3507739631915
"66",66,"4f5e9d541f0b26595aa623f1cff7ed15.xml","Corvallis","United States","Forest Ecosystems and Society Department in Forestry",-122.16815,-122.16381,44.22146666,44.215662,"US",-123.26204,44.56457,44.21856433,-122.16598,95.4184613438722
"67",67,"503beb0d5c97938685325d6070a90df4deb8333d.xml","Albuquerque","United States","Forest Ecosystems and Society Department in Forestry",-122.16815,-122.16381,44.22146666,44.215662,"US",-106.65114,35.08449,44.21856433,-122.16598,1669.02322460188
"68",68,"540a9f290d41734174ad6a8aa7eefd162d40e29b.xml","Fairbanks","United States","Department of Biology and Wildlife;  Institute of Arctic Biology:  University of Alaska Fairbanks 193 Arctic Health P.O. Box 757000",-148.3537914,-148.1468545,64.76810641,64.67834557,"US",-147.71639,64.83778,64.72322599,-148.25032295,28.4256049923958
"69",69,"54f26a4891bdf5aa6c74ee3251b0aaa041d09294.xml","Albuquerque","United States","Forest Soils Laboratory University of Alaska Fairbanks O'Neill Bldg",-148.3537914,-148.1426888,64.76810641,64.67834557,"US",-106.65114,35.08449,64.72322599,-148.2482401,4302.8404280531
"70",70,"559727f78eea56d7de906583bf5eed8b9157c02a.xml","Fairbanks","United States","Department of Biology and Wildlife;  Institute of Arctic Biology:  University of Alaska Fairbanks 193 Arctic Health P.O. Box 757000",-148.31389,-148.31389,64.74167,64.74167,"US",-147.71639,64.83778,64.74167,-148.31389,30.3622410911455
"71",71,"55a7c4219f7e30d4c299ae2f67972b63.xml","Fairbanks","United States","Forest Soils Laboratory University of Alaska Fairbanks O'Neill Bldg",-148.31389,-148.2549125,64.74167,64.69889576,"US",-147.71639,64.83778,64.72028288,-148.28440125,30.0255173877971
"72",72,"5838657563844a6fae280c12b8312fe1.xml","Corvallis","United States","Forest Ecosystems and Society Department in Forestry",-122.261722,-122.100847,44.281964,44.197704,"US",-123.26204,44.56457,44.239834,-122.1812845,93.3507739631915
"73",73,"598b5f3e1a3e6aced0d62b4bead1c328.xml","Fairbanks","United States","Forest Soils Laboratory University of Alaska Fairbanks O'Neill Bldg",-148.3537914,-148.1426888,64.7666796,64.67834557,"US",-147.71639,64.83778,64.722512585,-148.2482401,28.3733708822272
"74",74,"5b6f190cfbae36d03b4032e645093d1bf3ff9272.xml","Albuquerque","United States",NA,-72.19,-72.19,42.53,42.53,"US",-106.65114,35.08449,42.53,-72.19,3081.88786941157
"75",75,"5bd54c0ce595f24e3da1ff045ccb6ab9e762ac9e.xml","Albuquerque","United States",NA,-72.23,-72.16,42.45,42.55,"US",-106.65114,35.08449,42.5,-72.195,3081.24956526257
"76",76,"5e430127f1af3fdc33b2ae317c8f7264083598ad.xml","Albuquerque","United States","Forest Soils Laboratory University of Alaska Fairbanks O'Neill Bldg",-148.3537914,-148.1468545,64.7666796,64.67834557,"US",-106.65114,35.08449,64.722512585,-148.25032295,4302.88772467281
"77",77,"5f4089d0e87a223cb85e53ca8daf4ead65fd30b0.xml","Albuquerque","United States","Department of Biology and Wildlife;  Institute of Arctic Biology:  University of Alaska Fairbanks 193 Arctic Health P.O. Box 757000",-148.3537914,-148.1468545,64.7666796,64.67834557,"US",-106.65114,35.08449,64.722512585,-148.25032295,4302.88772467281
"78",78,"61f46733a73ee3f6de9e01a38160dfd5.xml","Fairbanks","United States","Department of Biology and Wildlife;  Institute of Arctic Biology:  University of Alaska Fairbanks 193 Arctic Health P.O. Box 757000",-148.3537914,-148.1468545,64.76810641,64.67834557,"US",-147.71639,64.83778,64.72322599,-148.25032295,28.4256049923958
"79",79,"656498bac22b6b714bcb4dc4df5f93c49f79e60a.xml","Albuquerque","United States","Forest Soils Laboratory University of Alaska Fairbanks O'Neill Bldg",-148.31389,-148.2549125,64.74167,64.69889576,"US",-106.65114,35.08449,64.72028288,-148.28440125,4304.17999736569
"80",80,"65ae4dc0a0e59273253ff5b39fda163d.xml","Fairbanks","United States","Forest Soils Laboratory University of Alaska Fairbanks O'Neill Bldg",-148.31389,-148.2549125,64.74167,64.69889576,"US",-147.71639,64.83778,64.72028288,-148.28440125,30.0255173877971
"81",81,"6b13d4ade8e88ea87d582ba1200988d2.xml","Fairbanks","United States","Department of Biology and Wildlife;  Institute of Arctic Biology:  University of Alaska Fairbanks 193 Arctic Health P.O. Box 757000",-148.3537914,-148.1468545,64.7666796,64.67834557,"US",-147.71639,64.83778,64.722512585,-148.25032295,28.4617276416834
"82",82,"6ba7d75b746e6893e6d50fce29e9463ecdac5bf2.xml","Albuquerque","United States","Forest Ecosystems and Society Department in Forestry",-121.98988694,-121.98988694,43.76596138,43.76596138,"US",-106.65114,35.08449,43.76596138,-121.98988694,1630.65708685629
"83",83,"6d99db4be09e3d6490141cbef414fd23e6e8b943.xml","Albuquerque","United States","Forest Soils Laboratory University of Alaska Fairbanks O'Neill Bldg",-148.31389,-148.2549125,64.74167,64.69889576,"US",-106.65114,35.08449,64.72028288,-148.28440125,4304.17999736569
"84",84,"6db27400b5f70940ba21904d32144fea.xml","Redding","United States",NA,-72.22,-72.21,42.48,42.47,"US",-122.39168,40.58654,42.475,-72.215,4131.09034529191
"85",85,"6f2ee96513e5e86787e1d34a432ae5b5.xml","Fairbanks","United States","Department of Biology and Wildlife;  Institute of Arctic Biology:  University of Alaska Fairbanks 193 Arctic Health P.O. Box 757000",-148.2701852,-148.1435205,64.73028888,64.68584608,"US",-147.71639,64.83778,64.70806748,-148.20685285,27.4519442151476
"86",86,"6feb4674be8745fcc6de1791692a465069caf468.xml","Fairbanks","United States","Forest Soils Laboratory University of Alaska Fairbanks O'Neill Bldg",-148.3537914,-148.1468545,64.7666796,64.67834557,"US",-147.71639,64.83778,64.722512585,-148.25032295,28.4617276416834
"87",87,"70777ab308814a1e779af0cac8b759be.xml","Redding","United States",NA,-72.393,-71.982,42.541,42.296,"US",-122.39168,40.58654,42.4185,-72.1875,4134.86267699294
"88",88,"72e41b336bc4fd6d5b2421bc85b12275b82436ab.xml","Petersham","United States",NA,-72.23,-72.16,42.45,42.55,"US",-72.18703,42.48759,42.5,-72.195,1.52631702065941
"89",89,"73f763588cf01a297eec690d3565fdfd9b4ac1da.xml","Albuquerque","United States","Oregon State University;Dept. of Fisheries and Wildlife;104 Nash Hall",-122.261722,-122.100847,44.281964,44.197704,"US",-106.65114,35.08449,44.239834,-122.1812845,1671.31565380371
"90",90,"752c187bfd805e1dbbe1fd0dc6499a0b85943631.xml","Albuquerque","United States","Forest Ecosystems and Society Department in Forestry",-122.261722,-122.100847,44.281964,44.197704,"US",-106.65114,35.08449,44.239834,-122.1812845,1671.31565380371
"91",91,"77ad713f74e6e8c1d6716df8c3f467148d8d1576.xml","Albuquerque","United States","Forest Ecosystems and Society Department in Forestry",-122.253253,-122.120879,44.234561,44.211679,"US",-106.65114,35.08449,44.22312,-122.187066,1670.71960889154
"92",92,"77e21feca53ee5339b31ea4ffb4e51f7e7722e1d.xml","Albuquerque","United States",NA,-72.19,-72.19,42.53,42.53,"US",-106.65114,35.08449,42.53,-72.19,3081.88786941157
"93",93,"78a78380f765ba998402349456eea294.xml","Petersham","United States",NA,-72.23,-72.16,42.45,42.55,"US",-72.18703,42.48759,42.5,-72.195,1.52631702065941
"94",94,"7a3e44dd5437b3a0cb986303b5089536a364fe87.xml","Fairbanks","United States","8080 NW Ridgewood Drive",-148.32123,-148.2854,64.76594,64.69559,"US",-147.71639,64.83778,64.730765,-148.303315,30.354538152046
"95",95,"7a5b820864b3c83d21c930d8107726ed5bdb4480.xml","Albuquerque","United States","Forest Ecosystems and Society Department in Forestry",-122.261722,-122.100847,44.281964,44.197704,"US",-106.65114,35.08449,44.239834,-122.1812845,1671.31565380371
"96",96,"7d10d429bb75c3ae2d5d7d11da38b2f69797c8c4.xml","Albuquerque","United States",NA,-71.92306,-72.47918,42.72851,42.30162,"US",-106.65114,35.08449,42.515065,-72.20112,3080.86213777888
"97",97,"7f604349b8e28b235043b045813011fb.xml","Corvallis","United States","Forest Ecosystems and Society Department in Forestry",-122.261722,-122.100847,44.281964,44.197704,"US",-123.26204,44.56457,44.239834,-122.1812845,93.3507739631915
"98",98,"7feaa6d6c144395065370d8f67e60813.xml","Redding","United States",NA,-72.22,-72.21,42.48,42.47,"US",-122.39168,40.58654,42.475,-72.215,4131.09034529191
"99",99,"80337aa31269372e583ddc1f50b10641.xml","Fairbanks","United States","Department of Biology and Wildlife;  Institute of Arctic Biology:  University of Alaska Fairbanks 193 Arctic Health P.O. Box 757000",-148.2701852,-148.1435205,64.73028888,64.68584608,"US",-147.71639,64.83778,64.70806748,-148.20685285,27.4519442151476
"100",100,"8205a6127a8404cb51ac00753a032194646cd0a6.xml","Fairbanks","United States","Forest Soils Laboratory University of Alaska Fairbanks O'Neill Bldg",-148.3537914,-148.1426888,64.76810641,64.67834557,"US",-147.71639,64.83778,64.72322599,-148.2482401,28.3371379349962
"101",101,"82473d27cff94544f63fd9f21bb2ca02.xml","Fairbanks","United States","Forest Soils Laboratory University of Alaska Fairbanks O'Neill Bldg",-148.3537914,-148.1426888,64.76810641,64.67834557,"US",-147.71639,64.83778,64.72322599,-148.2482401,28.3371379349962
"102",102,"83ce8e94c7d5a5b6c135e770210aaeee80835afa.xml","Albuquerque","United States","8080 NW Ridgewood Drive",-148.32123,-148.2854,64.76594,64.69559,"US",-106.65114,35.08449,64.730765,-148.303315,4305.53924239554
"103",103,"83f4a75513f57200a578ead524117c8af1e7bf53.xml","Albuquerque","United States",NA,-71.92306,-72.47918,42.72851,42.30162,"US",-106.65114,35.08449,42.515065,-72.20112,3080.86213777888
"104",104,"85a276ebc4d0a5490f436295b71dd352278d1ad3.xml","Albuquerque","United States","Forest Ecosystems and Society Department in Forestry",-122.261722,-122.261722,44.281964,44.281964,"US",-106.65114,35.08449,44.281964,-122.261722,1679.24485934061
"105",105,"8600916ef370bdbef4202fe3b94ce1a48b56b87f.xml","Albuquerque","United States","Forest Ecosystems and Society Department in Forestry",-122.256831,-122.170793,44.269748,44.199017,"US",-106.65114,35.08449,44.2343825,-122.213812,1673.19491266162
"106",106,"87f5a2535801a06159f7b79b2803e9f43c5c1d08.xml","Albuquerque","United States","Forest Soils Laboratory University of Alaska Fairbanks O'Neill Bldg",-148.31389,-148.2549125,64.74167,64.69889576,"US",-106.65114,35.08449,64.72028288,-148.28440125,4304.17999736569
"107",107,"892cafff4905520a43eb6b7921d571b3f532cc56.xml","Fairbanks","United States","Department of Biological Sciences, University of Texas-Brownsville, One West University Blvd, LHSB 2.810",161.42408,161.42408,68.74316,68.74316,"US",-147.71639,64.83778,68.74316,161.42408,2211.22327292181
"108",108,"8b6fe50880fb2e96f3e18550cb1dfe7e031f4e88.xml","Albuquerque","United States","Forest Ecosystems and Society Department in Forestry",-122.261722,-122.100847,44.281964,44.197704,"US",-106.65114,35.08449,44.239834,-122.1812845,1671.31565380371
"109",109,"8bccf12875d15472dbbca295166a0a490eb18d0d.xml","Albuquerque","United States","Forest Soils Laboratory University of Alaska Fairbanks O'Neill Bldg",-148.31389,-148.2549125,64.74167,64.69889576,"US",-106.65114,35.08449,64.72028288,-148.28440125,4304.17999736569
"110",110,"8e741bfb3fc41edf4713d51deccc5274c3fea408.xml","Albuquerque","United States","Forest Ecosystems and Society Department in Forestry",-122.261722,-122.261722,44.281964,44.281964,"US",-106.65114,35.08449,44.281964,-122.261722,1679.24485934061
"111",111,"8e8e6d4e9f4cce92bdb5f4ef9f1306337e978e69.xml","Albuquerque","United States",NA,-72.23,-72.16,42.45,42.55,"US",-106.65114,35.08449,42.5,-72.195,3081.24956526257
"112",112,"8f71a9c0c42cb112154322e3ae1d655924ae04e1.xml","Albuquerque","United States","Forest Ecosystems and Society Department in Forestry",-122.258,-122.112,44.277,44.208,"US",-106.65114,35.08449,44.2425,-122.185,1671.72457144199
"113",113,"906528b2ad4ddfc3dcc20efea3fa0c94.xml","Corvallis","United States","Forest Ecosystems and Society Department in Forestry",-122.256831,-122.170793,44.269748,44.199017,"US",-123.26204,44.56457,44.2343825,-122.213812,91.2120738888092
"114",114,"91edd3f67d609851ec92d73bdfb161b686f42b18.xml","Albuquerque","United States",NA,-148.2640747,-147.4913325,65.15393372,64.68195711,"US",-106.65114,35.08449,64.917945415,-147.8777036,4298.35741903492
"115",115,"94af81ed9a0533c8cdef8d55e2e788a1f4d38a93.xml","Fairbanks","United States","Forest Soils Laboratory; Department of Forest Sciences; SNRAS; University of Alaska Fairbanks",-148.3790685,-147.470667,65.1752259,64.6719571,"US",-147.71639,64.83778,64.9235915,-147.92486775,13.7522148113669
"116",116,"953b74fb3176a38927287623810e9c5972805f0b.xml","Albuquerque","United States",NA,-122.255912,-122.258506,44.206958,44.205969,"US",-106.65114,35.08449,44.2064635,-122.257209,1674.49418276121
"117",117,"96328052c4139e9a8fed4c15b311dacf.xml","Fairbanks","United States","Institute of Arctic Biology  University of Alaska Fairbanks P.O. Box 757000",-149.06571,-143.22145,64.41417,63.01548,"US",-147.71639,64.83778,63.714825,-146.14358,146.545928729676
"118",118,"9929675af6e36a8173fba9735e397f64e14638b6.xml","Fairbanks","United States","Forest Soils Laboratory University of Alaska Fairbanks O'Neill Bldg",-148.31389,-148.2549125,64.74167,64.69889576,"US",-147.71639,64.83778,64.72028288,-148.28440125,30.0255173877971
"119",119,"9a4289e2c76d265709fe3bf2e03ab56c.xml","Amherst","United States",NA,-71.92306,-72.47918,42.72851,42.30162,"US",-72.51852,42.36723,42.515065,-72.20112,30.8485955439988
"120",120,"9a93ede32f31838e723252262604b45d.xml","Fairbanks","United States","Forest Soils Laboratory University of Alaska Fairbanks O'Neill Bldg",-148.2482407,-148.2482407,64.69779026,64.69779026,"US",-147.71639,64.83778,64.69779026,-148.2482407,29.7333516837054
"121",121,"9ab24be35a8ed61289e1c333110f81ae00cc8be2.xml","Fairbanks","United States","Forest Soils Laboratory University of Alaska Fairbanks O'Neill Bldg",-148.31389,-148.2549125,64.74167,64.69889576,"US",-147.71639,64.83778,64.72028288,-148.28440125,30.0255173877971
"122",122,"9b7f0fd0622398e030415433e634574fccc1866c.xml","Albuquerque","United States","Institute of Arctic Biology  University of Alaska Fairbanks P.O. Box 757000",-149.06571,-143.22145,64.41417,63.01548,"US",-106.65114,35.08449,63.714825,-146.14358,4158.02581802925
"123",123,"9e9bd546d8a2e15e23b5cb54cc8e3dd249257e97.xml","Fairbanks","United States","Department of Forest Sciences University of Alaska Fairbanks O'Neill Bldg",-147.4745274,-147.470667,65.16908333,65.16769474,"US",-147.71639,64.83778,65.168389035,-147.4725972,38.6126026375549
"124",124,"a12099f7161cd961e073939ff99b12f91dcc0887.xml","Albuquerque","United States","Forest Ecosystems and Society Department in Forestry",-122.261722,-122.100847,44.281964,44.197704,"US",-106.65114,35.08449,44.239834,-122.1812845,1671.31565380371
"125",125,"a2f264e38d9f5d2f7760cf280a540348.xml","Fairbanks","United States","Department of Biology and Wildlife;  Institute of Arctic Biology:  University of Alaska Fairbanks 193 Arctic Health P.O. Box 757000",-148.2701852,-148.1435205,64.73028888,64.68584608,"US",-147.71639,64.83778,64.70806748,-148.20685285,27.4519442151476
"126",126,"a35f6d3176b245267c5ec6364f7ee0d4.xml","Corvallis","United States","Forest Ecosystems and Society Department in Forestry",-122.261722,-122.100847,44.281964,44.197704,"US",-123.26204,44.56457,44.239834,-122.1812845,93.3507739631915
"127",127,"a51ae9e4c7aba81fc0275280c8c4c81a5435dddc.xml","Albuquerque","United States","Forest Ecosystems and Society Department in Forestry",-122.261722,-122.100847,44.281964,44.197704,"US",-106.65114,35.08449,44.239834,-122.1812845,1671.31565380371
"128",128,"a67adef911dc87787540a9c50329bc337a3e044b.xml","Albuquerque","United States","Forest Ecosystems and Society Department in Forestry",-122.261722,-122.100847,44.281964,44.197704,"US",-106.65114,35.08449,44.239834,-122.1812845,1671.31565380371
"129",129,"a6d584518e85e7d17d51cab0b48049973294b242.xml","Albuquerque","United States","Institute of Arctic Biology  University of Alaska Fairbanks P.O. Box 757000",-148.1734,-148.17303,64.41417,64.41366,"US",-106.65114,35.08449,64.413915,-148.173215,4282.80426664152
"130",130,"a778bfc218972a856536b017c808e68afd74b4bd.xml","Albuquerque","United States",NA,-71.92306,-72.47918,42.72851,42.30162,"US",-106.65114,35.08449,42.515065,-72.20112,3080.86213777888
"131",131,"a856d1266c94a95b3983a8500698b384f4c0983a.xml","Fairbanks","United States","Department of Biology and Wildlife, University of Alaska Fairbanks, Murie Building",-148.2682,-148.2964,64.7088,64.6991,"US",-147.71639,64.83778,64.70395,-148.2823,30.7831275323416
"132",132,"aafc5ef64df29567944e37a1335abed471e06190.xml","Albuquerque","United States","Forest Ecosystems and Society Department in Forestry",-122.257146,-122.126996,44.28226,44.201274,"US",-106.65114,35.08449,44.241767,-122.192071,1672.15952463508
"133",133,"ab3d5cfba133caef1841dc7f4fe87120.xml","Fairbanks","United States","Department of Biology and Wildlife;  Institute of Arctic Biology:  University of Alaska Fairbanks 193 Arctic Health P.O. Box 757000",-148.3537914,-148.1468545,64.76810641,64.67834557,"US",-147.71639,64.83778,64.72322599,-148.25032295,28.4256049923958
"134",134,"adac9791ba75500603a2c6832784fa3e.xml","Corvallis","United States","Forest Ecosystems and Society Department in Forestry",-122.261722,-122.100847,44.281964,44.197704,"US",-123.26204,44.56457,44.239834,-122.1812845,93.3507739631915
"135",135,"ae5691f3fb2eb82b7cddb15c7bffaa8fa843bbdb.xml","Albuquerque","United States","309 FSL; Oregon State University; 3200 SW Jefferson Way",-122.261948,-122.100517,44.281483,44.197514,"US",-106.65114,35.08449,44.2394985,-122.1812325,1671.29230139114
"136",136,"ae91b10d8b6823faf95955574b1ad2dbee2dff89.xml","Fairbanks","United States","Institute of Arctic Biology  University of Alaska Fairbanks P.O. Box 757000",-148.2640747,-148.1426888,64.7241989,64.68195711,"US",-147.71639,64.83778,64.703078005,-148.20338175,27.6120826984463
"137",137,"b0d37caba23bfe069e97882ff67f8be93dd8c55d.xml","Albuquerque","United States","Forest Ecosystems and Society Department in Forestry",-122.16815,-122.16381,44.22146666,44.215662,"US",-106.65114,35.08449,44.21856433,-122.16598,1669.02322460188
"138",138,"b3b1a37933f718122705296c803a2477e4f02ceb.xml","Corvallis","United States","Forest Ecosystems and Society Department in Forestry",-122.26077333,-122.12174888,44.27447074,44.20664191,"US",-123.26204,44.56457,44.240556325,-122.191261105,92.58659769201
"139",139,"b51a564692faedc0727777757779e6dfa1494151.xml","Albuquerque","United States",NA,-72.23,-72.16,42.45,42.55,"US",-106.65114,35.08449,42.5,-72.195,3081.24956526257
"140",140,"b64af97f4e797f003d623d071f3851ac.xml","Petersham","United States",NA,-72.23,-72.16,42.45,42.55,"US",-72.18703,42.48759,42.5,-72.195,1.52631702065941
"141",141,"b699c42db5ba5a3e0ad18f6435578a4d.xml","Bangkok","Thailand",NA,99.2169,99.2169,15.6322,15.6322,"TH",100.50144,13.75398,15.6322,99.2169,249.651856804526
"142",142,"b875ea27c35258848fc46887a21e28d9.xml","Fairbanks","United States","Forest Soils Laboratory University of Alaska Fairbanks O'Neill Bldg",-148.3537914,-148.1426888,64.76810641,64.67834557,"US",-147.71639,64.83778,64.72322599,-148.2482401,28.3371379349962
"143",143,"b89f2b06a6b094b2b099dc484e6772ddda2eb1e4.xml","Albuquerque","United States","Forest Ecosystems and Society Department in Forestry",-122.244053,-122.117661,44.277928,44.208214,"US",-106.65114,35.08449,44.243071,-122.180857,1671.47815057231
"144",144,"b8d99dfa615cbd4e0bbf5dbb8385be10.xml","Redding","United States",NA,-72.393,-71.982,42.541,42.296,"US",-122.39168,40.58654,42.4185,-72.1875,4134.86267699294
"145",145,"b92158cc818fa747a2eef875dcd2f4ae.xml","Fairbanks","United States",NA,-148.3790685,-148.1426888,64.7666796,64.6719571,"US",-147.71639,64.83778,64.71931835,-148.26087865,29.071989582358
"146",146,"bb18236c90004b4f3df8f287a34ebbf169f6a028.xml","Albuquerque","United States","Oregon State University;Rangeland resources;110 Strand",-122.2589949,-122.10399665,44.27799543,44.19899547,"US",-106.65114,35.08449,44.23849545,-122.181495775,1671.25081105761
"147",147,"bb6f38d958fbd78c164e25505315b30ce65f4cf1.xml","Fairbanks","United States","Department of Biological Sciences, University of Texas-Brownsville, One West University Blvd, LHSB 2.810",161.42408,161.42408,68.74316,68.74316,"US",-147.71639,64.83778,68.74316,161.42408,2211.22327292181
"148",148,"bd62c55874078834f19017e03996cf1b.xml","Fairbanks","United States","Department of Biology and Wildlife;  Institute of Arctic Biology:  University of Alaska Fairbanks 193 Arctic Health P.O. Box 757000",-148.3537914,-148.1468545,64.76810641,64.67834557,"US",-147.71639,64.83778,64.72322599,-148.25032295,28.4256049923958
"149",149,"be062689275043e69ee7461f1e3ac2b6.xml","Petersham","United States",NA,-72.23,-72.16,42.45,42.55,"US",-72.18703,42.48759,42.5,-72.195,1.52631702065941
"150",150,"be866022e6952a49215c62d78a33ecd28eac07f9.xml","Fairbanks","United States","Forest Soils Laboratory University of Alaska Fairbanks O'Neill Bldg",-148.3537914,-148.1426888,64.76810641,64.67834557,"US",-147.71639,64.83778,64.72322599,-148.2482401,28.3371379349962
"151",151,"c0f76ae143f47105b99eaa4766075063.xml","Corvallis","United States","Forest Ecosystems and Society Department in Forestry",-122.261722,-122.261722,44.281964,44.281964,"US",-123.26204,44.56457,44.281964,-122.261722,85.6248531200867
"152",152,"c103cb594879438859edd4523f7308fa1c4edb92.xml","Fairbanks","United States","Department of Biological Sciences, University of Texas-Brownsville, One West University Blvd, LHSB 2.810",161.44672,161.49712,68.7431,68.75601,"US",-147.71639,64.83778,68.749555,161.47192,2209.17499053425
"153",153,"c4fe68f6dd5bdd761411aa7458148974.xml","Corvallis","United States","Forest Ecosystems and Society Department in Forestry",-122.261722,-122.100847,44.281964,44.197704,"US",-123.26204,44.56457,44.239834,-122.1812845,93.3507739631915
"154",154,"c59ebda07d8cf232d0a52251edfb0026ba8320de.xml","Fairbanks","United States",NA,-148.3790685,-148.1426888,64.7666796,64.6719571,"US",-147.71639,64.83778,64.71931835,-148.26087865,29.071989582358
"155",155,"c5dc3c1d3e621abee0b7247c016b5b3acd3f98ba.xml","Petersham","United States",NA,-72.23,-72.16,42.45,42.55,"US",-72.18703,42.48759,42.5,-72.195,1.52631702065941
"156",156,"c5f2cc06ff2c392c56fcbc222e140ff85609b40f.xml","Albuquerque","United States",NA,-148.2640747,-147.4913325,65.15393372,64.68195711,"US",-106.65114,35.08449,64.917945415,-147.8777036,4298.35741903492
"157",157,"c78dd92e64e4c61a6d79948b16eda3b7.xml","Redding","United States",NA,-72.393,-71.982,42.541,42.296,"US",-122.39168,40.58654,42.4185,-72.1875,4134.86267699294
"158",158,"c89c6e4edf07e2965e23690a2bc1236e.xml","Fairbanks","United States","Forest Soils Laboratory University of Alaska Fairbanks O'Neill Bldg",-148.3537914,-148.1426888,64.7666796,64.67834557,"US",-147.71639,64.83778,64.722512585,-148.2482401,28.3733708822272
"159",159,"cafefd1a5db74e49a4ba1ae9c3539274.xml","Corvallis","United States","USDA Forest Service;Pacific Northwest Research Station;3200 SW Jefferson Way",-122.261722,-122.100847,44.281964,44.197704,"US",-123.26204,44.56457,44.239834,-122.1812845,93.3507739631915
"160",160,"cba6ce8301bf2354c7ff39fcfb495ce857ec93ac.xml","Albuquerque","United States","Department of Biology and Wildlife;  Institute of Arctic Biology:  University of Alaska Fairbanks 193 Arctic Health P.O. Box 757000",-148.3537914,-148.1468545,64.7666796,64.67834557,"US",-106.65114,35.08449,64.722512585,-148.25032295,4302.88772467281
"161",161,"cc84a6f03190952bdb3990021067d87b8821c3ef.xml","Albuquerque","United States",NA,-72.19,-72.19,42.53,42.53,"US",-106.65114,35.08449,42.53,-72.19,3081.88786941157
"162",162,"cdabd456f0e662413324644bd0791f29a0a6ac6a.xml","Fairbanks","United States","Department of Biological Sciences, University of Texas-Brownsville, One West University Blvd, LHSB 2.810",161.42408,161.42408,68.74316,68.74316,"US",-147.71639,64.83778,68.74316,161.42408,2211.22327292181
"163",163,"ce03959c952db75c106396bba1862387.xml","Corvallis","United States","Forest Ecosystems and Society Department in Forestry",-122.16815,-122.16381,44.22146666,44.215662,"US",-123.26204,44.56457,44.21856433,-122.16598,95.4184613438722
"164",164,"d000a51cb3d1cbaea19cf65777c68b08ef522460.xml","Fairbanks","United States",NA,-148.2640747,-147.4913325,65.15393372,64.68195711,"US",-147.71639,64.83778,64.917945415,-147.8777036,11.761169317152
"165",165,"d2b3a4743b22416f191eb66227949bad.xml","Corvallis","United States","309 FSL; Oregon State University; 3200 SW Jefferson Way",-122.261948,-122.100517,44.281483,44.197514,"US",-123.26204,44.56457,44.2394985,-122.1812325,93.3692365439029
"166",166,"d2d1e05cdea0f8257378b3b98f3ee202.xml","Corvallis","United States","Forest Ecosystems and Society Department in Forestry",-122.261722,-122.261722,44.281964,44.281964,"US",-123.26204,44.56457,44.281964,-122.261722,85.6248531200867
"167",167,"d2ee365fe7e79c9df262283dbb59d48c.xml","Fairbanks","United States","Forest Soils Laboratory University of Alaska Fairbanks O'Neill Bldg",-148.31389,-148.2549125,64.74167,64.69889576,"US",-147.71639,64.83778,64.72028288,-148.28440125,30.0255173877971
"168",168,"d30959ed9816b2a4fe5594f2a8c9b40947e4b932.xml","Fairbanks","United States","Institute of Arctic Biology  University of Alaska Fairbanks P.O. Box 757000",-148.2640747,-148.1426888,64.7241989,64.68195711,"US",-147.71639,64.83778,64.703078005,-148.20338175,27.6120826984463
"169",169,"d51376a749bdbc9b5e4429fe7fdf9e2a40e1df46.xml","Fairbanks","United States","Institute of Arctic Biology  University of Alaska Fairbanks P.O. Box 757000",-148.1734,-148.17303,64.41417,64.41366,"US",-147.71639,64.83778,64.413915,-148.173215,52.0629210178847
"170",170,"d62a51ce6e9ee078cc672a673cc40201.xml","Corvallis","United States","Oregon State University;Dept. of Fisheries and Wildlife;104 Nash Hall",-122.261722,-122.100847,44.281964,44.197704,"US",-123.26204,44.56457,44.239834,-122.1812845,93.3507739631915
"171",171,"d633fd42f86269c7ee556aa7059a5c86c6165722.xml","Petersham","United States",NA,-72.19,-72.19,42.53,42.53,"US",-72.18703,42.48759,42.53,-72.19,4.71735691657499
"172",172,"d6db4c99282fa6c27bf696b045a727cc.xml","Fairbanks","United States","Forest Soils Laboratory University of Alaska Fairbanks O'Neill Bldg",-148.31389,-148.2549125,64.74167,64.69889576,"US",-147.71639,64.83778,64.72028288,-148.28440125,30.0255173877971
"173",173,"d917eb93e6dcb20723ed09ea3ea0066f1e83cf31.xml","Fairbanks","United States","Institute of Arctic Biology  University of Alaska Fairbanks P.O. Box 757000",-148.3537914,-148.1468545,64.7666796,64.67834557,"US",-147.71639,64.83778,64.722512585,-148.25032295,28.4617276416834
"174",174,"d9f7aa990cc80ef9cd358fbd99158f2090ada169.xml","Albuquerque","United States","Oregon State University;Dept. of Forest Science;321 Richardson Hall",-12.258793,-122.099527,44.28226,44.201274,"US",-106.65114,35.08449,44.241767,-67.17916,3498.94954413364
"175",175,"dbe079bb33ebc8af4248347b8220c39c.xml","Fairbanks","United States","Department of Biology and Wildlife;  Institute of Arctic Biology:  University of Alaska Fairbanks 193 Arctic Health P.O. Box 757000",-148.3537914,-148.1468545,64.7666796,64.67834557,"US",-147.71639,64.83778,64.722512585,-148.25032295,28.4617276416834
"176",176,"dbe9ff57a4809d71319d6d8d6a2ecfdf2984b242.xml","Albuquerque","United States","Forest Soils Laboratory University of Alaska Fairbanks O'Neill Bldg",-148.31389,-148.2549125,64.74167,64.69889576,"US",-106.65114,35.08449,64.72028288,-148.28440125,4304.17999736569
"177",177,"dc5dda91770732a1409e313b1388ff66.xml","Corvallis","United States","Forest Ecosystems and Society Department in Forestry",-122.34493256,-122,44.39608383,44,"US",-123.26204,44.56457,44.198041915,-122.17246628,95.905488976907
"178",178,"dd8b400ceaa9feb6cfe68ee05dee304327dab55e.xml","Albuquerque","United States",NA,-72.22,-72.21,42.48,42.47,"US",-106.65114,35.08449,42.475,-72.215,3079.4207874321
"179",179,"df13947bd6b5a6af81a5aa4b7c38d783e3844a42.xml","Albuquerque","United States","Forest Ecosystems and Society Department in Forestry",-122.183114,-122.175201,44.268863,44.26197954,"US",-106.65114,35.08449,44.26542127,-122.1791575,1672.6864606333
"180",180,"df87bf22fdb0a894ef3f1d738d9ed04a3fe5c74f.xml","Albuquerque","United States","Forest Soils Laboratory University of Alaska Fairbanks O'Neill Bldg",-148.3537914,-148.1426888,64.76810641,64.67834557,"US",-106.65114,35.08449,64.72322599,-148.2482401,4302.8404280531
"181",181,"e2a27f0fe6bec2a4983d2fa366bb27ec88c677a6.xml","Corvallis","United States","Forest Ecosystems and Society Department in Forestry",-122.261722,-122.100847,44.281964,44.197704,"US",-123.26204,44.56457,44.239834,-122.1812845,93.3507739631915
"182",182,"e30e8a46974cac985315393b0785ba99bf922055.xml","Fairbanks","United States","Forest Soils Laboratory; Department of Forest Sciences; SNRAS; University of Alaska Fairbanks",-148.3790685,-148.1435205,64.7666796,64.6719571,"US",-147.71639,64.83778,64.71931835,-148.2612945,29.0896120034666
"183",183,"e3361064d4810a7d05fe14c91bc1cb023c5344a9.xml","Albuquerque","United States","Forest Soils Laboratory University of Alaska Fairbanks O'Neill Bldg",-148.31389,-148.2549125,64.74167,64.69889576,"US",-106.65114,35.08449,64.72028288,-148.28440125,4304.17999736569
"184",184,"e371f753dab13980304d05d20cf7594d.xml","Fairbanks","United States","Forest Soils Laboratory University of Alaska Fairbanks O'Neill Bldg",-148.31389,-148.2549125,64.74167,64.69889576,"US",-147.71639,64.83778,64.72028288,-148.28440125,30.0255173877971
"185",185,"e37c4b1a359526711153476c304c7628304b7514.xml","Albuquerque","United States","Forest Soils Laboratory University of Alaska Fairbanks O'Neill Bldg",-148.2482407,-148.2482407,64.69779026,64.69779026,"US",-106.65114,35.08449,64.69779026,-148.2482407,4301.44575470597
"186",186,"e38c9e600e7d6dc8f6d1dc60d00f1507206b8424.xml","Albuquerque","United States","Forest Soils Laboratory University of Alaska Fairbanks O'Neill Bldg",-148.31389,-148.2549125,64.74167,64.69889576,"US",-106.65114,35.08449,64.72028288,-148.28440125,4304.17999736569
"187",187,"e5f60f4d1399c28e3142add83db84ac29a2e715c.xml","Albuquerque","United States","Forest Soils Laboratory University of Alaska Fairbanks O'Neill Bldg",-148.3537914,-148.1426888,64.7666796,64.67834557,"US",-106.65114,35.08449,64.722512585,-148.2482401,4302.80129408706
"188",188,"e6265705210f9ec8ac2671719b53aa60.xml","Redding","United States",NA,-72.22,-72.21,42.48,42.47,"US",-122.39168,40.58654,42.475,-72.215,4131.09034529191
"189",189,"e856f696eb2eeed23b36cb1d6319d906d6f8d5d3.xml","Fairbanks","United States","Department of Biology and Wildlife, University of Alaska Fairbanks, Murie Building",-148.2682,-148.2964,64.7088,64.6991,"US",-147.71639,64.83778,64.70395,-148.2823,30.7831275323416
"190",190,"e91c679b7d8fb6532baa6bf5f2130432.xml","Petersham","United States",NA,-72.23,-72.16,42.45,42.55,"US",-72.18703,42.48759,42.5,-72.195,1.52631702065941
"191",191,"ea3c91ec35b467197a75bf0dae7d65f690e89b53.xml","Fairbanks","United States","Department of Biology and Wildlife;  Institute of Arctic Biology:  University of Alaska Fairbanks 193 Arctic Health P.O. Box 757000",-148.3537914,-148.1468545,64.76810641,64.67834557,"US",-147.71639,64.83778,64.72322599,-148.25032295,28.4256049923958
"192",192,"ea43fd2ce5f58539a03e03f447788136749f8410.xml","Corvallis","United States","Forest Ecosystems and Society Department in Forestry",-122.16815,-122.16381,44.22146666,44.215662,"US",-123.26204,44.56457,44.21856433,-122.16598,95.4184613438722
"193",193,"eb95001aee9e5843388e804e741e8f79.xml","Fairbanks","United States","Forest Soils Laboratory University of Alaska Fairbanks O'Neill Bldg",-148.3537914,-148.1468545,64.7666796,64.67834557,"US",-147.71639,64.83778,64.722512585,-148.25032295,28.4617276416834
"194",194,"ec497289217a1d077a0ab89b648a962a.xml","Fairbanks","United States","Department of Biology and Wildlife;  Institute of Arctic Biology:  University of Alaska Fairbanks 193 Arctic Health P.O. Box 757000",-148.3537914,-148.1468545,64.76810641,64.67834557,"US",-147.71639,64.83778,64.72322599,-148.25032295,28.4256049923958
"195",195,"ef0ca1de447a6f362b5552f77a16460d38867840.xml","Fairbanks","United States","Forest Soils Laboratory University of Alaska Fairbanks O'Neill Bldg",-148.3537914,-148.1426888,64.7666796,64.67834557,"US",-147.71639,64.83778,64.722512585,-148.2482401,28.3733708822272
"196",196,"f047f5280d343969f5ff2b44b50d22e46cd557dc.xml","Albuquerque","United States","Forest Ecosystems and Society Department in Forestry",-122.261722,-122.100847,44.281964,44.197704,"US",-106.65114,35.08449,44.239834,-122.1812845,1671.31565380371
"197",197,"f106fa8f49b37accf716ac9845f146ba3940677d.xml","Petersham","United States",NA,-72.19,-72.19,42.53,42.53,"US",-72.18703,42.48759,42.53,-72.19,4.71735691657499
"198",198,"f17ccb68073c1cd61a698a3fade9da32d05ca84b.xml","Albuquerque","United States","Forest Soils Laboratory University of Alaska Fairbanks O'Neill Bldg",-148.31389,-148.2549125,64.74167,64.69889576,"US",-106.65114,35.08449,64.72028288,-148.28440125,4304.17999736569
"199",199,"f3e190cc96649f62bb229f162597648ca29202b2.xml","Fairbanks","United States","Department of Biological Sciences, University of Texas-Brownsville, One West University Blvd, LHSB 2.810",161.44672,161.49712,68.7431,68.75601,"US",-147.71639,64.83778,68.749555,161.47192,2209.17499053425
"200",200,"f494c8c6eb44d12f184a675bc65a2ed7.xml","Fairbanks","United States","Forest Soils Laboratory University of Alaska Fairbanks O'Neill Bldg",-148.3537914,-148.1426888,64.7666796,64.67834557,"US",-147.71639,64.83778,64.722512585,-148.2482401,28.3733708822272
"201",201,"f5f992bb062993a6e42dcab202d800d9ac67a8a9.xml","Albuquerque","United States",NA,-72.22,-72.21,42.48,42.47,"US",-106.65114,35.08449,42.475,-72.215,3079.4207874321
"202",202,"f6476a9189d08dd0bf0d259bca28212d24a78406.xml","Albuquerque","United States","Department of Biology and Wildlife, University of Alaska Fairbanks, Murie Building",-148.2682,-148.2964,64.7088,64.6991,"US",-106.65114,35.08449,64.70395,-148.2823,4303.19824309604
"203",203,"f673aa386290f8d1ab2c19c507183c770c7f74a1.xml","Albuquerque","United States","Department of Biology and Wildlife;  Institute of Arctic Biology:  University of Alaska Fairbanks 193 Arctic Health P.O. Box 757000",-148.31389,-148.31389,64.74167,64.74167,"US",-106.65114,35.08449,64.74167,-148.31389,4306.57524232872
"204",204,"f6ec79c3dd62ffd834186097328a8bf73eefc303.xml","Petersham","United States",NA,-72.19,-72.19,42.53,42.53,"US",-72.18703,42.48759,42.53,-72.19,4.71735691657499
"205",205,"f719fed401b20a7297fb4507b4922604bdb0d4ad.xml","Fairbanks","United States","Department of Biology and Wildlife;  Institute of Arctic Biology:  University of Alaska Fairbanks 193 Arctic Health P.O. Box 757000",-148.2701852,-148.1435205,64.73028888,64.68584608,"US",-147.71639,64.83778,64.70806748,-148.20685285,27.4519442151476
"206",206,"f7561564334bdf22ce1e5e5ebff3cad44156136d.xml","Albuquerque","United States","Forest Ecosystems and Society Department in Forestry",-122.261722,-122.100847,44.281964,44.197704,"US",-106.65114,35.08449,44.239834,-122.1812845,1671.31565380371
"207",207,"f7c37fda2fa9cbc249e762e4a00f9435004e6ab1.xml","Albuquerque","United States",NA,-72.23,-72.16,42.45,42.55,"US",-106.65114,35.08449,42.5,-72.195,3081.24956526257
"208",208,"f80caa8059ce0723d56746d7532f7d17109a0d9d.xml","Albuquerque","United States","Forest Soils Laboratory University of Alaska Fairbanks O'Neill Bldg",-148.3537914,-148.1426888,64.7666796,64.67834557,"US",-106.65114,35.08449,64.722512585,-148.2482401,4302.80129408706
"209",209,"f858ab901308f3357bc9df0c68675313e34194d7.xml","Albuquerque","United States","Forest Soils Laboratory University of Alaska Fairbanks O'Neill Bldg",-148.31389,-148.2549125,64.74167,64.69889576,"US",-106.65114,35.08449,64.72028288,-148.28440125,4304.17999736569
"210",210,"f8857f189c26e47f4508fdfacbbd5a2bfa91c591.xml","Fairbanks","United States","8080 NW Ridgewood Drive",-148.32123,-148.2854,64.76594,64.69559,"US",-147.71639,64.83778,64.730765,-148.303315,30.354538152046
"211",211,"f96ed54beeecec7023f51cd9edbba78d180c74fa.xml","Fairbanks","United States","Department of Biology and Wildlife, University of Alaska Fairbanks, Murie Building",-148.2682,-148.2964,64.7088,64.6991,"US",-147.71639,64.83778,64.70395,-148.2823,30.7831275323416
"212",212,"fb287ef32a420f388ff5a4a5229eeea19d5d9aaf.xml","Albuquerque","United States",NA,-72.19,-72.19,42.53,42.53,"US",-106.65114,35.08449,42.53,-72.19,3081.88786941157
"213",213,"fb2af3dce5ba5e25ae514343d8ff49d4af808736.xml","Redding","United States",NA,-72.22,-72.21,42.48,42.47,"US",-122.39168,40.58654,42.475,-72.215,4131.09034529191
"214",214,"fd8ce74666fc60c268091877a4811907b7df96eb.xml","Albuquerque","United States",NA,-71.92306,-72.47918,42.72851,42.30162,"US",-106.65114,35.08449,42.515065,-72.20112,3080.86213777888
"215",215,"fdfeeb70de7886c4a79b56d17ea9fcd3680d0789.xml","Fairbanks","United States","Institute of Arctic Biology  University of Alaska Fairbanks P.O. Box 757000",-148.29207666667,-148.16160166667,64.729221666667,64.676203333333,"US",-147.71639,64.83778,64.7027125,-148.22683916667,28.5767058973033
"216",216,"fe756245fed313570e12e05df7b4746e.xml","Corvallis","United States","Forest Ecosystems and Society Department in Forestry",-122.244053,-122.117661,44.277928,44.208214,"US",-123.26204,44.56457,44.243071,-122.180857,93.2415978984108
"217",217,"fe770cd4492ff869dc58a4e7631cc92544b4915b.xml","Fairbanks","United States","Department of Biological Sciences, University of Texas-Brownsville, One West University Blvd, LHSB 2.810",161.44672,161.49712,68.7431,68.75601,"US",-147.71639,64.83778,68.749555,161.47192,2209.17499053425
"218",218,"fe871bc9c214a0d634b5faf3843e7b96.xml","Corvallis","United States","Forest Ecosystems and Society Department in Forestry",-122.261722,-122.100847,44.281964,44.197704,"US",-123.26204,44.56457,44.239834,-122.1812845,93.3507739631915
"219",219,"0019c86b85ee5c706e43cf64d2e9ca99.xml","Athens","United States","Dept. of Marine Sciences",-81.4743,-81.2418,31.337,31.3052,"US",-83.37794,33.96095,31.3211,-81.35805,348.726290140331
"220",220,"0150fd3b8b58c04f924ca20f1c67026d.xml","Fairbanks","United States","Biology and Wildlife Irving I; North Koyukuk Dr.",-148.321607,-148.31034,64.70138,64.696143,"US",-147.71639,64.83778,64.6987615,-148.3159735,32.4683904538446
"221",221,"01615301d8be92955e1b6df9cc6917db.xml","Woods Hole","United States","The Ecosystems Center",-70.851,-70.845,42.724,42.719,"US",-72.87914,40.77909,42.7215,-70.848,273.995113496038
"222",222,"0266fc82ac803cbdbe7f3aa31ab48664.xml","Santa Barbara","United States","Marine Science Institute",-120.11905,-120.11905,34.46774988,34.46774988,"US",-119.69819,34.42083,34.46774988,-120.11905,39.0260754542719
"223",223,"06cea803cf3198994c9e7fd0dfa6de2d.xml","Athens","United States","Dept. of Marine Sciences",-81.4835,-81.286,31.3677,31.3054,"US",-83.37794,33.96095,31.33655,-81.38475,345.920799543317
"224",224,"07459c9c58078d69a8dfc0fec7c122437371ab6d.xml","Albuquerque","United States","University of Michigan",-149.633006,-149.586709,68.641131,68.624027,"US",-106.65114,35.08449,68.632579,-149.6098575,4577.36592511152
"225",225,"07f9746e741da14e018a4fbb0e7208f1.xml","Fairbanks","United States","Biology and Wildlife Irving I; North Koyukuk Dr.",-148.321607,-148.31034,64.70138,64.696143,"US",-147.71639,64.83778,64.6987615,-148.3159735,32.4683904538446
"226",226,"087aebb55084afcd59bda3898588a3e620480745.xml","Albuquerque","United States","Dept. of Marine Sciences",-81.4449,-81.3398,31.4067,31.3329,"US",-106.65114,35.08449,31.3698,-81.39235,2383.57513909943
"227",227,"0933f7a3768d2f4ff32953a8865603bd.xml","Palmerston","Australia","PO Box 496",130.68445,130.9701,-13.038,-13.52589,"AU",130.9833,-12.48602,-13.281945,130.827275,89.6663605803637
"228",228,"094cbd1eadbac984a8f307ac22e48028.xml","Santa Barbara","United States","Marine Science Institute",-150,-149.67,-17.45,-17.62,"US",-119.69819,34.42083,-17.535,-149.835,6576.47551433467
"229",229,"0953d9b9c0708ea4353f0eed94ecc950.xml","Woods Hole","United States","University of Michigan",-149.633006,-149.586709,68.641131,68.624027,"US",-72.87914,40.77909,68.632579,-149.6098575,5329.62636746493
"230",230,"0bbe9eea1d092a3d659fe2cc6a40df1c5b19ec4f.xml","Albuquerque","United States","Marine Biological Laboratory",-149.612633,-149.612633,68.629961,68.629961,"US",-106.65114,35.08449,68.629961,-149.612633,4577.30733644692
"231",231,"0d612da25d3a992d88246e506e3dfa41d271cd72.xml","Miami","United States","Florida International University",-80.856,-80.615,25.691,25.23,"US",-80.19366,25.77427,25.4605,-80.7355,64.5758188485614
"232",232,"0ed310125ab76261505215a1404a438f.xml","Athens","United States","Dept. of Marine Sciences",-81.377,-81.1739,31.5477,31.5297,"US",-83.37794,33.96095,31.5387,-81.27545,333.121943386259
"233",233,"0f3f63f6c5b2328c5a20ce36038eb4c6.xml","Santa Barbara","United States","Marine Science Institute",-150,-149.67,-17.45,-17.62,"US",-119.69819,34.42083,-17.535,-149.835,6576.47551433467
"234",234,"0f61fd864437601b32d2aa50d9cf072a.xml","Santa Barbara","United States","Marine Science Institute",-119.74438,-119.74438,34.40017,34.40017,"US",-119.69819,34.42083,34.40017,-119.74438,4.82557240681637
"235",235,"102ff0760ae7962603ed782f0c699144.xml","Fairbanks","United States","Biology and Wildlife Irving I; North Koyukuk Dr.",-148.321607,-148.31034,64.70138,64.696143,"US",-147.71639,64.83778,64.6987615,-148.3159735,32.4683904538446
"236",236,"10791f75ebdc4ca4c0adf14d188b9f9b1f47af8f.xml","Albuquerque","United States","Florida International University",-80.856,-80.615,25.691,25.23,"US",-106.65114,35.08449,25.4605,-80.7355,2701.76176144409
"237",237,"11c76e8624512cbcff367901ac4cd959b83f86c0.xml","Albuquerque","United States","Dept. of Marine Sciences",-81.3567,-81.2618,31.451,31.3693,"US",-106.65114,35.08449,31.41015,-81.30925,2389.85832756428
"238",238,"124322bb6cc16933c7686ec8acdf7e952f2b6889.xml","Albuquerque","United States","Dept. of Marine Sciences",-81.3566,-81.2579,31.4513,31.3703,"US",-106.65114,35.08449,31.4108,-81.30725,2390.019865257
"239",239,"12dc198ba3c61a8807b050fab365cf6c.xml","Palmerston","Australia","PO Box 496",131.88766,133.00257,-12.11059,-13.94659,"AU",130.9833,-12.48602,-13.02859,132.445115,169.705913782114
"240",240,"1715a4647fc12d2af529170caec5fb27.xml","Davis","United States",NA,-119.7333,-119.7333,34,34,"US",-121.74052,38.54491,34,-119.7333,535.558419002685
"241",241,"17d2f38c192d53c5446cd8dd76f04d5d.xml","Canberra","Australia","Fenner School of Environment and Society, The Australian National University",150.613285,150.678648,-35.131813,-35.164476,"AU",149.12807,-35.28346,-35.1481445,150.6459665,139.01279590685
"242",242,"190b638eba6482c74bc4a315698c64bf.xml","Fairbanks","United States","Biology and Wildlife Irving I; North Koyukuk Dr.",-148.321607,-148.31034,64.70138,64.696143,"US",-147.71639,64.83778,64.6987615,-148.3159735,32.4683904538446
"243",243,"19288e5e034ac0abce86a4c6e2ac06c354a00568.xml","Albuquerque","United States","Dept. of Marine Sciences",-81.34,-81.2608,31.4468,31.3695,"US",-106.65114,35.08449,31.40815,-81.3004,2390.72815555551
"244",244,"19ae577019ddd958fa16da5f42f91058.xml","Palmerston","Australia","PO Box 496",132.16505,132.74043,-13.81268,-14.39819,"AU",130.9833,-12.48602,-14.105435,132.45274,239.682936864759
"245",245,"1a040a0ecaeec4acf8b546abf6d1ef60477b3540.xml","Woods Hole","United States",NA,-149.600895,-149.600895,68.632586,68.632586,"US",-72.87914,40.77909,68.632586,-149.600895,5329.26367578049
"246",246,"1adcfe33c3b6c8a100e35cec179f5ecb842859b9.xml","Miami","United States","Florida International University",-80.856,-80.615,25.691,25.23,"US",-80.19366,25.77427,25.4605,-80.7355,64.5758188485614
"247",247,"1ce91e27634433f6687c8726517def5a.xml","Woods Hole","United States","Marine Biological Laboratory",-149.612633,-149.612633,68.629961,68.629961,"US",-72.87914,40.77909,68.629961,-149.612633,5329.76892774504
"248",248,"1d3c20d81d90e40afa7be4c6d749695b.xml","Woods Hole","United States",NA,-149.612633,-149.612633,68.629961,68.629961,"US",-72.87914,40.77909,68.629961,-149.612633,5329.76892774504
"249",249,"1e6a479800a93af506f463aa58c31677.xml","Santa Barbara","United States","Marine Science Institute",-120.11905,-120.11905,34.46774988,34.46774988,"US",-119.69819,34.42083,34.46774988,-120.11905,39.0260754542719
"250",250,"2166c9e50fac6cfa7fa07d7ce64faf76.xml","Woods Hole","United States","University of Vermont",-149.1281271,-149.1281271,68.671486222,68.671486222,"US",-72.87914,40.77909,68.671486222,-149.1281271,5309.71324487363
"251",251,"2247da009edc03ba01939a388fed4587.xml","Miami","United States","Florida International University",-80.856,-80.615,25.691,25.23,"US",-80.19366,25.77427,25.4605,-80.7355,64.5758188485614
"252",252,"22b3399b8b8b90f545cf2ba43a47a546.xml","Palmerston","Australia","PO Box 496",131.88766,133.00257,-12.11059,-13.94659,"AU",130.9833,-12.48602,-13.02859,132.445115,169.705913782114
"253",253,"2310d882526591f80a193031cce91087286b0812.xml","Albuquerque","United States","The Ecosystems Center, MBL",-149.311,-149.311,68.606,68.606,"US",-106.65114,35.08449,68.606,-149.311,4565.48522378705
"254",254,"263393abf6a0eae2c85461873cd75aad.xml","Darwin","Australia",NA,130.684447,130.9701,-13.038,-13.525891,"AU",130.84185,-12.46113,-13.2819455,130.8272735,90.8201210763434
"255",255,"27b25512a9f49cbe8910c7a6d84e05d4.xml","Santa Barbara","United States","Santa Barbara Coastal LTER",-120.1193,-120.1193,34.4677,34.4677,"US",-119.69819,34.42083,34.4677,-120.1193,39.0481197946281
"256",256,"27c7aad48d9dc57926672bbc5c18b948.xml","Athens","United States","Dept. of Marine Sciences",-81.4422,-81.3393,31.392,31.3328,"US",-83.37794,33.96095,31.3624,-81.39075,343.192684003893
"257",257,"28e3332069c234d1eb2d781e889926fea6b41a0d.xml","Albuquerque","United States","The Ecosystems Center, MBL",-149.586653,-149.586653,68.641727,68.641727,"US",-106.65114,35.08449,68.641727,-149.586653,4577.10502739272
"258",258,"2abab41a41355da4cca2f3fbe832da21.xml","Santa Barbara","United States","Marine Science Institute",-119.74438,-119.74438,34.40017,34.40017,"US",-119.69819,34.42083,34.40017,-119.74438,4.82557240681637
"259",259,"2c2497f12433c43a4bce8b79faedec5f9fc07191.xml","Tucson","United States","National Coordinating Office",-124.36,-52.78,49.25,29.53,"US",-110.92648,32.22174,39.39,-88.57,2164.28906517737
"260",260,"2e656da18aaeedb525dff90d0bb9fa2b.xml","Athens","United States","Dept. of Marine Sciences",-81.4451,-81.3392,31.3921,31.3328,"US",-83.37794,33.96095,31.36245,-81.39215,343.11671331297
"261",261,"2f15e6466624e89720b4f452057d5fd5.xml","Woods Hole","United States","Marine Biological Laboratory",-149.612633,-149.612633,68.629961,68.629961,"US",-72.87914,40.77909,68.629961,-149.612633,5329.76892774504
"262",262,"33165f3be31deaef2a95dd3ec378349b.xml","Canberra","Australia","Fenner School of Environment and Society, Australian National University",150.590591,150.76929,-35.114116,-35.195078,"AU",149.12807,-35.28346,-35.154597,150.6799405,142.008857865745
"263",263,"352b1595ff6712574bf533d15ab67e91b62fd3ab.xml","Albuquerque","United States","Dept. of Marine Sciences",-81.4237,-81.177,31.5475,31.525,"US",-106.65114,35.08449,31.53625,-81.30035,2386.69622843438
"264",264,"3623534c4e86100e7a47a052f7b3b7ee589c3f77.xml","Albuquerque","United States",NA,-149.612633,-149.612633,68.629961,68.629961,"US",-106.65114,35.08449,68.629961,-149.612633,4577.30733644692
"265",265,"366f1f3c179848d61c8a5373f162443a.xml","Darwin","Australia",NA,130.684447,130.9701,-13.038,-13.525891,"AU",130.84185,-12.46113,-13.2819455,130.8272735,90.8201210763434
"266",266,"3731e091ef91c79d6ed716169ab7e3ae.xml","Athens","United States","Dept. of Marine Sciences",-81.4447,-81.3588,31.3687,31.3327,"US",-83.37794,33.96095,31.3507,-81.40175,343.731645044745
"267",267,"373f7410bedc9c87062853c91b17b31a.xml","Athens","United States","Dept. of Marine Sciences",-81.4837,-81.2655,31.3675,31.3057,"US",-83.37794,33.96095,31.3366,-81.3746,346.431617168469
"268",268,"37604e9dfd5210d67cd14ed5dd9fee9c.xml","Woods Hole","United States","Marine Biological Laboratory",-149.612633,-149.612633,68.629961,68.629961,"US",-72.87914,40.77909,68.629961,-149.612633,5329.76892774504
"269",269,"38ff5c558475fd5d1756e8ab49dbfd30.xml","Santa Barbara","United States","Santa Barbara Coastal LTER",-120.1215,-120.1215,34.46883,34.46883,"US",-119.69819,34.42083,34.46883,-120.1215,39.2650531332177
"270",270,"39b52cd66a53f420bd34bb35dd56a7c804f0b89f.xml","Albuquerque","United States","Marine Biological Laboratory",-149.612633,-149.612633,68.629961,68.629961,"US",-106.65114,35.08449,68.629961,-149.612633,4577.30733644692
"271",271,"3ba797e3cc2d8cc6715d78048e206688.xml","Woods Hole","United States",NA,-149.612633,-149.612633,68.629961,68.629961,"US",-72.87914,40.77909,68.629961,-149.612633,5329.76892774504
"272",272,"3ce3c22bd3de03dc39abb9f798265f86ef6d40e4.xml","Albuquerque","United States","Marine Biological Laboratory",-149.612633,-149.612633,68.629961,68.629961,"US",-106.65114,35.08449,68.629961,-149.612633,4577.30733644692
"273",273,"3e975888bf5b83dfb1a2fee89a7c19895309d0de.xml","Albuquerque","United States","Marine Biological Laboratory",-149.612633,-149.612633,68.629961,68.629961,"US",-106.65114,35.08449,68.629961,-149.612633,4577.30733644692
"274",274,"3f2b1b3eed420efc8c24b9f2dc84c780.xml","Fairbanks","United States","Biology and Wildlife Irving I; North Koyukuk Dr.",-148.321607,-148.31034,64.70138,64.696143,"US",-147.71639,64.83778,64.6987615,-148.3159735,32.4683904538446
"275",275,"3f39a8f04742b3c981d020ace09783aafeb84fc3.xml","Albuquerque","United States","Marine Biological Laboratory",-149.612633,-149.612633,68.629961,68.629961,"US",-106.65114,35.08449,68.629961,-149.612633,4577.30733644692
"276",276,"402081c69e9509cde867676053be8274.xml","Albuquerque","United States","Department of Biology, MSC03-2020",-106.7358,-106.7358,34.3331,34.3331,"US",-106.65114,35.08449,34.3331,-106.7358,83.7156655829768
"277",277,"40d182783ba6697b2f5be0ca3ff012ae.xml","Woods Hole","United States",NA,-149.612633,-149.612633,68.629961,68.629961,"US",-72.87914,40.77909,68.629961,-149.612633,5329.76892774504
"278",278,"40ea0dbaa361e72ba8b6e905b1a6a27c.xml","Santa Barbara","United States","Marine Science Institute",-120.11905,-120.11905,34.46774988,34.46774988,"US",-119.69819,34.42083,34.46774988,-120.11905,39.0260754542719
"279",279,"419015f3d64e4066181e9dc430c3eb11c419a40f.xml","Albuquerque","United States","Marine Biological Laboratory",-149.612633,-149.612633,68.629961,68.629961,"US",-106.65114,35.08449,68.629961,-149.612633,4577.30733644692
"280",280,"41ba2856711a3a11fc41a906dc2b8ba3.xml","Carlsbad","United States","5190 El Arbol Dr.",-152.62762,-145.99754,61.12401,58.50127,"US",-117.15855,32.71307,59.81264,-149.31258,3825.94153177971
"281",281,"41ba91a8657d416fd4b7919c62a43f4122b71413.xml","Woods Hole","United States",NA,-149.600895,-149.600895,68.632586,68.632586,"US",-72.87914,40.77909,68.632586,-149.600895,5329.26367578049
"282",282,"4287565f070c15e3611b310d9e101b00.xml","Woods Hole","United States","Ecosystems Center",-70.917329,-70.917329,42.749889,42.749889,"US",-72.87914,40.77909,42.749889,-70.917329,272.979410734789
"283",283,"4417e4fcede2fddecc899d8bb3d8886efd4ae662.xml","Albuquerque","United States","Dept. of Marine Sciences",-81.4239,-81.1774,31.5474,31.5251,"US",-106.65114,35.08449,31.53625,-81.30065,2386.66889154066
"284",284,"460649a6c1c84aa0a7b039e4dbe2987561185c12.xml","Albuquerque","United States","Marine Biological Laboratory",-149.612633,-149.612633,68.629961,68.629961,"US",-106.65114,35.08449,68.629961,-149.612633,4577.30733644692
"285",285,"472dd090cf713924a5b90f2100762328.xml","Palmerston","Australia","PO Box 496",131.88766,133.00257,-12.11059,-13.94659,"AU",130.9833,-12.48602,-13.02859,132.445115,169.705913782114
"286",286,"490616c879819dee860f6e2483c36c7b.xml","Darwin","Australia",NA,131.88766,133.00257,-12.11059,-13.94659,"AU",130.84185,-12.46113,-13.02859,132.445115,185.076769094935
"287",287,"4a0d1b69c0a5dfef41b43b23995be893.xml","Santa Barbara","United States","Santa Barbara Coastal LTER",-120.1215,-120.1215,34.46883,34.46883,"US",-119.69819,34.42083,34.46883,-120.1215,39.2650531332177
"288",288,"4a53ff3ca93e892965688896e8934b26.xml","Miami","United States","Florida International University",-81.078,-81.078,25.365,25.365,"US",-80.19366,25.77427,25.365,-81.078,99.756539365566
"289",289,"4b8c72446bca58660d11fae2d13c88ab.xml","Palmerston","Australia","PO Box 496",130.68445,130.9701,-13.038,-13.52589,"AU",130.9833,-12.48602,-13.281945,130.827275,89.6663605803637
"290",290,"4cde03be6c139a70e0b751f1ee02bfc4664fc582.xml","Santa Barbara","United States","Marine Science Institute",-150,-149.67,-17.45,-17.62,"US",-119.69819,34.42083,-17.535,-149.835,6576.47551433467
"291",291,"4e2a5a171e1e12583db3cc1e5558e4ce244fc762.xml","Albuquerque","United States","Marine Biological Laboratory",-149.612633,-149.612633,68.629961,68.629961,"US",-106.65114,35.08449,68.629961,-149.612633,4577.30733644692
"292",292,"4f5b9b5bae62a0160cec4fe88d8ca6e5.xml","Woods Hole","United States",NA,-149.612633,-149.612633,68.629961,68.629961,"US",-72.87914,40.77909,68.629961,-149.612633,5329.76892774504
"293",293,"50dd5ecbee86ef7c3974ece328d3a1bf.xml","Athens","United States","Dept. of Marine Sciences",-81.4742,-81.2855,31.3367,31.3053,"US",-83.37794,33.96095,31.321,-81.37985,347.628743441745
"294",294,"51f4c3226988ba64050ce96aead204cf.xml","Santa Barbara","United States","Santa Barbara Coastal LTER",-120.1215,-120.1215,34.46883,34.46883,"US",-119.69819,34.42083,34.46883,-120.1215,39.2650531332177
"295",295,"527d4b8df9de3c69d440fafeec8ad1dd9f99deef.xml","Woods Hole","United States",NA,-149.600895,-149.600895,68.632586,68.632586,"US",-72.87914,40.77909,68.632586,-149.600895,5329.26367578049
"296",296,"53fde0b8aedb29da3c55990b74e3d1cc868a79e3.xml","Albuquerque","United States","11200 S.W. 8th Street",-80.67,-80.5,25.761,25.545,"US",-106.65114,35.08449,25.653,-80.585,2704.56127452934
"297",297,"54ad63b5c4a9df22fae0c673a5a34aa1.xml","Woods Hole","United States","Marine Biological Laboratory",-149.612633,-149.612633,68.629961,68.629961,"US",-72.87914,40.77909,68.629961,-149.612633,5329.76892774504
"298",298,"54b96811bc3208773939844ed01c93d0.xml","Athens","United States","Dept. of Marine Sciences",-81.3387,-81.2605,31.4445,31.3702,"US",-83.37794,33.96095,31.40735,-81.2996,343.765395404645
"299",299,"5546745753ab0c16db49b27aae15b501.xml","Woods Hole","United States",NA,-149.612633,-149.612633,68.629961,68.629961,"US",-72.87914,40.77909,68.629961,-149.612633,5329.76892774504
"300",300,"562f00fc27ae5d4ee3529d1802880694e1e52545.xml","Albuquerque","United States","Dept. of Marine Sciences",-81.424,-81.1774,31.5475,31.5249,"US",-106.65114,35.08449,31.5362,-81.3007,2386.66589649011
"301",301,"565db317965405807dc1e83929827d4a030a67f5.xml","Boulder","United States",NA,-105.644724490698,-105.581856592385,40.0627061962304,40.0477252877995,"US",-105.27055,40.01499,40.055215742015,-105.613290541541,29.5919416627239
"302",302,"56eeeaa63e4ee3b5be4ed77d516d06f4.xml","Darwin","Australia",NA,131.88766,133.00257,-12.11059,-13.94659,"AU",130.84185,-12.46113,-13.02859,132.445115,185.076769094935
"303",303,"57bf908a781b0cae33a386c5327c83e4370426d2.xml","Albuquerque","United States","Dept. of Marine Sciences",-81.4457,-81.3592,31.3687,31.3329,"US",-106.65114,35.08449,31.3508,-81.40245,2383.26378731835
"304",304,"598eeae67768837753ed2e450707830c13343e32.xml","Albuquerque","United States","University of Vermont",-149.386685694444,-149.386685694444,68.6374451277778,68.6374451277778,"US",-106.65114,35.08449,68.6374451277778,-149.386685694444,4569.96111442276
"305",305,"5be75ab4610a985b4c44950a4f63b88465dc5219.xml","Albuquerque","United States","Dept. of Marine Sciences",-81.3562,-81.2599,31.4508,31.3697,"US",-106.65114,35.08449,31.41025,-81.30805,2389.96446893519
"306",306,"60b2a6948a2bbb558a3c4592e0339acc.xml","Canberra","Australia","Fenner School of Environment and Society, The           Australian National University",150.590591,150.76929,-35.114116,-35.195078,"AU",149.12807,-35.28346,-35.154597,150.6799405,142.008857865745
"307",307,"610c4743e85f3dde80f2bf0664186968a22b1386.xml","Albuquerque","United States","Ecosystems Center",-70.927963,-70.927963,42.750855,42.750855,"US",-106.65114,35.08449,42.750855,-70.927963,3186.75380328195
"308",308,"6224e93ca37bd1baa65cc14a4b699601.xml","Palmerston","Australia","PO Box 496",131.88766,133.00257,-12.11059,-13.94659,"AU",130.9833,-12.48602,-13.02859,132.445115,169.705913782114
"309",309,"62693999a5ff996e003d34fed570512d.xml","Sydney","Australia","University of New South Wales",150.84554,150.93563,-34.2008,-34.26344,"AU",151.20732,-33.86785,-34.23212,150.890585,49.8785646071114
"310",310,"6536209cffd015283bd56e8b9048f77f.xml","Canberra","Australia","Fenner School of Environment and Society, Australian National University",150.590591,150.76929,-35.114116,-35.195078,"AU",149.12807,-35.28346,-35.154597,150.6799405,142.008857865745
"311",311,"654da90c8c6d412b9a4e2bb22ef60caa.xml","Tucson","United States","National Coordinating Office",-124.36,-52.78,49.25,29.53,"US",-110.92648,32.22174,39.39,-88.57,2164.28906517737
"312",312,"6560bc3e79755bb8864119cb4c54e8f11a48fd1d.xml","Santa Barbara","United States","Marine Science Institute",-119.5399,-119.5399,34.39015,34.39015,"US",-119.69819,34.42083,34.39015,-119.5399,14.9463642211077
"313",313,"65bc89de4b46f6dfc3808431deccaf3631d817b7.xml","Albuquerque","United States","Marine Biological Laboratory",-149.612633,-149.612633,68.629961,68.629961,"US",-106.65114,35.08449,68.629961,-149.612633,4577.30733644692
"314",314,"65cc6d7ad709a8666973e8b985b0fbcc72178d66.xml","Albuquerque","United States","Dept. of Marine Sciences",-81.2995,-81.1735,31.5433,31.5345,"US",-106.65114,35.08449,31.5389,-81.2365,2392.43182032937
"315",315,"65f8d35359701fea9124406281827f72.xml","Woods Hole","United States",NA,-149.612633,-149.612633,68.629961,68.629961,"US",-72.87914,40.77909,68.629961,-149.612633,5329.76892774504
"316",316,"671aedf134838ac5a3fcc1858a442809813648ba.xml","Albuquerque","United States",NA,-149.612633,-149.612633,68.629961,68.629961,"US",-106.65114,35.08449,68.629961,-149.612633,4577.30733644692
"317",317,"6863ad07686614cd42cc92ce7b5b8f3f.xml","Corvallis","United States",NA,-76.4281,-76.37,37.275,37.2583,"US",-123.26204,44.56457,37.26665,-76.39905,3973.68126767605
"318",318,"68d5f54f0e1bacb41e61f8e17eb6bec08cead759.xml","Albuquerque","United States","Dept. of Marine Sciences",-81.3572,-81.2585,31.4515,31.3693,"US",-106.65114,35.08449,31.4104,-81.30785,2389.97792049674
"319",319,"68e2e4a31494f5f2ec0172fafc826897d078afe9.xml","Albuquerque","United States","Dept. of Marine Sciences",-81.4235,-81.1747,31.547,31.5248,"US",-106.65114,35.08449,31.5359,-81.2991,2386.82106002947
"320",320,"6aed2c8580c460167fe4f013a0665da9f61f9429.xml","Albuquerque","United States","University of Michigan",-149.633006,-149.586709,68.641131,68.624027,"US",-106.65114,35.08449,68.632579,-149.6098575,4577.36592511152
"321",321,"6fe4e3200f5dc738761388e2fc50445b.xml","King Salmon","United States","PO Box 37",-149.375,-145.5,62.375,59.75,"US",-156.64917,58.67667,61.0625,-147.4375,579.768958421751
"322",322,"7096790aade84402173ea06d801deff9.xml","Fairbanks","United States","Biology and Wildlife Irving I; North Koyukuk Dr.",-148.321607,-148.31034,64.70138,64.696143,"US",-147.71639,64.83778,64.6987615,-148.3159735,32.4683904538446
"323",323,"70cd9afd4d18a801bd3750843a2cf4593caaa07f.xml","Albuquerque","United States","Dept. of Marine Sciences",-81.4835,-81.2629,31.3682,31.3056,"US",-106.65114,35.08449,31.3369,-81.3732,2386.37422816848
"324",324,"77043277d749d901a9b5cdbfe8c11a5f4be8d52a.xml","Albuquerque","United States","Dept. of Marine Sciences",-81.4147,-81.1775,31.5482,31.5252,"US",-106.65114,35.08449,31.5367,-81.2961,2387.06945246063
"325",325,"775cb9bdae59bc1f9173cad9c51d287c8e4cf502.xml","Albuquerque","United States","Marine Biological Laboratory",-149.612633,-149.612633,68.629961,68.629961,"US",-106.65114,35.08449,68.629961,-149.612633,4577.30733644692
"326",326,"782b26a66c713b0feafb18faa491a085621a6f8b.xml","Albuquerque","United States","Marine Biological Laboratory",-149.612633,-149.612633,68.629961,68.629961,"US",-106.65114,35.08449,68.629961,-149.612633,4577.30733644692
"327",327,"785734ac229ba470084f2775c3c6ca51.xml","Athens","United States","Dept. of Marine Sciences",-81.299522,-81.264378,31.418899,31.371003,"US",-83.37794,33.96095,31.394951,-81.28195,345.844079786154
"328",328,"7b39d9309b513d3c9d0ae4a945ed667d.xml","Sydney","Australia","University of New South Wales",150.84554,150.93563,-34.2008,-34.26344,"AU",151.20732,-33.86785,-34.23212,150.890585,49.8785646071114
"329",329,"7c25548ba0a100e5eb820361f0a6ae58766d4a6f.xml","Albuquerque","United States","Marine Science Institute",-120.11905,-120.11905,34.46774988,34.46774988,"US",-106.65114,35.08449,34.46774988,-120.11905,1233.75753085757
"330",330,"7c9533e752a7bcb7967aef05bea95d29f6e00a4a.xml","Boulder","United States","INSTAAR",162,163.6,-77.2,-77.8,"US",-105.27055,40.01499,-77.5,162.8,14354.0056320513
"331",331,"7caad47cb98065dac1ec11a4792f3dfd.xml","Tucson","United States",NA,-124.36,52.78,49.25,-29.53,"US",-110.92648,32.22174,9.86,-35.79,8040.28299874874
"332",332,"7ef1ee59addd84b095aa1308c2dd7a1f.xml","Sydney","Australia","Heydon-Laurence Building A08",137.86511,138.6059,-23.20549,-23.99417,"AU",151.20732,-33.86785,-23.59983,138.235505,1700.32289526136
"333",333,"7f146958417b5edd1d6b059fe1776c1a.xml","Athens","United States","Dept. of Marine Sciences",-81.4184,-81.3052,31.4667,31.2476,"US",-83.37794,33.96095,31.35715,-81.3618,345.164485261751
"334",334,"81754c322d38eb799d5dc01644524e28589d143c.xml","Woods Hole","United States",NA,-149.600895,-149.600895,68.632586,68.632586,"US",-72.87914,40.77909,68.632586,-149.600895,5329.26367578049
"335",335,"836e0d32197d276e9dcfb053fb4be84bca065b91.xml","Albuquerque","United States","Marine Biological Laboratory",-149.612633,-149.612633,68.629961,68.629961,"US",-106.65114,35.08449,68.629961,-149.612633,4577.30733644692
"336",336,"8416e6682189cdddaaaa5bf170eb5a69.xml","Athens","United States","Dept. of Marine Sciences",-81.2953,-81.2732,31.4788,31.4205,"US",-83.37794,33.96095,31.44965,-81.28425,340.713324022538
"337",337,"85627f263f0ab1cb3683cc304be83d08.xml","Woods Hole","United States",NA,-149.612633,-149.612633,68.629961,68.629961,"US",-72.87914,40.77909,68.629961,-149.612633,5329.76892774504
"338",338,"857e6ff9b3ed71f05f0bb90b05a9bcf0.xml","Peradeniya","Sri Lanka",NA,80.4969,80.4969,6.4211,6.4211,"LK",80.5841,7.2622,6.4211,80.4969,93.5153140820957
"339",339,"86834786577f4c780401d0d266df3d65.xml","Canberra","Australia","Frank Fenner Building (Building 141), Fenner School of Environment and Society",145.477922,146.195374,-37.342523,-37.919069,"AU",149.12807,-35.28346,-37.630796,145.836648,393.521989986597
"340",340,"878ab85d9803ef75d69a90b6544155e0.xml","Darwin","Australia",NA,131.88766,133.00257,-12.11059,-13.94659,"AU",130.84185,-12.46113,-13.02859,132.445115,185.076769094935
"341",341,"87b0b75340756d9293617e7218fe2720.xml","Darwin","Australia",NA,131.88766,133.00257,-12.11059,-13.94659,"AU",130.84185,-12.46113,-13.02859,132.445115,185.076769094935
"342",342,"88cb09f6da694089673a35249d8affc8.xml","Santa Barbara","United States","Santa Barbara Coastal LTER",-120.1215,-120.1215,34.46883,34.46883,"US",-119.69819,34.42083,34.46883,-120.1215,39.2650531332177
"343",343,"8a2339d641f2b3229a7ee2862ada37e3.xml","Northridge","United States",NA,-119.7333,-119.7333,34,34,"US",-118.53675,34.22834,34,-119.7333,113.262481814425
"344",344,"8a25c02528c1ce5efb26f4fc33099ad6.xml","Fairbanks","United States","Biology and Wildlife Irving I; North Koyukuk Dr.",-148.321607,-148.31034,64.70138,64.696143,"US",-147.71639,64.83778,64.6987615,-148.3159735,32.4683904538446
"345",345,"8d8d9d1617948ba56615f0e3d1a3eb77f97805aa.xml","Albuquerque","United States","University of Michigan",-149.633006,-149.586709,68.641131,68.624027,"US",-106.65114,35.08449,68.632579,-149.6098575,4577.36592511152
"346",346,"8ec46a539715e2da99d92cbb42ade1dd407ada9d.xml","Albuquerque","United States","University of Michigan",-149.633006,-149.586709,68.641131,68.624027,"US",-106.65114,35.08449,68.632579,-149.6098575,4577.36592511152
"347",347,"8ec65a813ba00261d7a66f5990c2a2504c66dbbf.xml","Albuquerque","United States","Dept. of Marine Sciences",-81.4748,-81.2412,31.3371,31.3052,"US",-106.65114,35.08449,31.32115,-81.358,2388.26529026088
"348",348,"8ee8fefabc1ae0f6374fb52f62fcbd68e96314ae.xml","Santa Barbara","United States","Marine Science Institute",-119.95032,-119.95032,34.42388,34.42388,"US",-119.69819,34.42083,34.42388,-119.95032,23.1795249149397
"349",349,"90bc40c96616f0e877588d85c21084cf0443e449.xml","Albuquerque","United States","11200 S.W. 8th Street",-80.67,-80.5,25.761,25.545,"US",-106.65114,35.08449,25.653,-80.585,2704.56127452934
"350",350,"911e0f2a9e23d063c892e7504ce02536.xml","Athens","United States","Dept. of Marine Sciences",-81.4239,-81.1754,31.5475,31.5249,"US",-83.37794,33.96095,31.5362,-81.29965,332.012094952646
"351",351,"9158dc7cbb953f2c8ee5e7eb72f40660.xml","Carlsbad","United States","5190 El Arbol Dr.",-152.62762,-145.99754,61.12401,58.50127,"US",-117.15855,32.71307,59.81264,-149.31258,3825.94153177971
"352",352,"91ea7edd466f3a53cfd49490b5089373.xml","Saskatoon","Canada","11 Innovation Boulevard",-65.7167,-66.9,18.3167,18.0667,"CA",-106.66892,52.13238,18.1917,-66.30835,5148.18016423931
"353",353,"943d2262a9a6c1e855b30bada3ed6eff.xml","Palmerston","Australia","PO Box 496",132.16505,132.74043,-13.81268,-14.39819,"AU",130.9833,-12.48602,-14.105435,132.45274,239.682936864759
"354",354,"9450e0daa8c2ba6b0a6b03e304ab6766830f3ecf.xml","Albuquerque","United States","postdoc, CU Boulder",-122.5973085,-122.0638562,44.37617183,43.8972902,"US",-106.65114,35.08449,44.136731015,-122.33058235,1675.41644528363
"355",355,"946a0cb18eaa73c9c3b5b533ccc9c4d3.xml","Miami","United States","Florida International University",-80.95,-80.862,25.464,25.34,"US",-80.19366,25.77427,25.402,-80.906,82.5969714935779
"356",356,"95438e8a495cac46e05d1f3ebdaa837d4aec24cf.xml","Santa Barbara","United States","Marine Science Institute",-120.11965,-120.11965,34.46495,34.46495,"US",-119.69819,34.42083,34.46495,-120.11965,39.0412135874078
"357",357,"963b560f2abc9f3411cf547a6c5b03a7.xml","Skukuza","South Africa",NA,30.888418,32.033169,-22.32785,-25.528913,"ZA",31.5857,-24.98953,-23.9283815,31.4607935,118.218256210018
"358",358,"9726da7350faacd8961edffccd8a2eaa.xml","Sydney","Australia","Centre for Ecosystem Science, School of Biological, Earth and Environmental Sciences",140.958503,141.222776,-33.271362,-33.467802,"AU",151.20732,-33.86785,-33.369582,141.0906395,940.026946608355
"359",359,"97d6b54284b4b7d6c8acaf49246476f3e2fa2140.xml","Albuquerque","United States","Dept. of Marine Sciences",-81.4816,-81.2429,31.3497,31.3055,"US",-106.65114,35.08449,31.3276,-81.36225,2387.67059502959
"360",360,"9872718fd96ef6c45d3d281a45f8b237.xml","Canberra","Australia","Fenner School of Environment and Society, The Australian National University",150.613285,150.678648,-35.131813,-35.164476,"AU",149.12807,-35.28346,-35.1481445,150.6459665,139.01279590685
"361",361,"99fb53207137f3feb335f14829dcd496.xml","Athens","United States","Dept. of Marine Sciences",-81.4452,-81.3848,31.3623,31.3328,"US",-83.37794,33.96095,31.34755,-81.415,343.359530180278
"362",362,"9b015c5986bdd61a8261d93f170ba1e15ec88ec3.xml","Saint Paul","United States",NA,-93.22445,-93.16289,45.44138,45.384865,"US",-93.09327,44.94441,45.4131225,-93.19367,52.6848616212881
"363",363,"9bf2be34da5cbb8345a5aea61baf48a37b8b53f1.xml","Albuquerque","United States","Boston University",-70.93,-70.72,42.8,42.67,"US",-106.65114,35.08449,42.735,-70.825,3195.06720646678
"364",364,"9bf889dacb388725fa5e6604885b84e7.xml","Fairbanks","United States","Biology and Wildlife Irving I; North Koyukuk Dr.",-148.321607,-148.31034,64.70138,64.696143,"US",-147.71639,64.83778,64.6987615,-148.3159735,32.4683904538446
"365",365,"9c1f5d27bc98d126f6ea30116f5921a4.xml","Santa Barbara","United States","Marine Science Institute",-120.11905,-120.11905,34.46774988,34.46774988,"US",-119.69819,34.42083,34.46774988,-120.11905,39.0260754542719
"366",366,"9c66c9fd40bf1d6491d22dec3e95d1c7.xml","Miami","United States","Florida International University",-81.078,-81.078,25.365,25.365,"US",-80.19366,25.77427,25.365,-81.078,99.756539365566
"367",367,"9dfa21b3f7c6a091d89de83b59770059.xml","Albuquerque","United States",NA,-106.631,-106.631,34.3348,34.3348,"US",-106.65114,35.08449,34.3348,-106.631,83.187527364373
"368",368,"a07df3a7e22d006710e38ea388ba0f94.xml","Woods Hole","United States","University of Michigan",-149.633006,-149.586709,68.641131,68.624027,"US",-72.87914,40.77909,68.632579,-149.6098575,5329.62636746493
"369",369,"a17764eb6a27165c2f3f7231b2f7faee.xml","Woods Hole","United States",NA,-149.612633,-149.612633,68.629961,68.629961,"US",-72.87914,40.77909,68.629961,-149.612633,5329.76892774504
"370",370,"a4073e76a15634bc528d275e347adf15e1289d7d.xml","Woods Hole","United States",NA,-149.600895,-149.600895,68.632586,68.632586,"US",-72.87914,40.77909,68.632586,-149.600895,5329.26367578049
"371",371,"a60eacb5298b85803b324ba7cb16418f6d1d6d53.xml","Albuquerque","United States","Marine Biological Laboratory",-149.612633,-149.612633,68.629961,68.629961,"US",-106.65114,35.08449,68.629961,-149.612633,4577.30733644692
"372",372,"a67dd4cf072aca8919bebe536ef859d8e86d65ac.xml","Boulder","United States",NA,-105.570106253492,-105.568972409464,40.0457851824087,40.0453921938347,"US",-105.27055,40.01499,40.0455886881217,-105.569539331478,25.7457167958739
"373",373,"a6c57f23e4eb4db93f978af1fc43a06f.xml","Woods Hole","United States","The Ecosystems Center, MBL",-149.61058,-149.61058,68.62405,68.62405,"US",-72.87914,40.77909,68.62405,-149.61058,5329.75422119293
"374",374,"a6f283a032fe8db250b0007c415584eb36d08214.xml","Albuquerque","United States",NA,-149.612633,-149.612633,68.629961,68.629961,"US",-106.65114,35.08449,68.629961,-149.612633,4577.30733644692
"375",375,"a8f4217843f571a00ccc05dbb85d41ad.xml","Palmerston","Australia","PO Box 496",131.88766,133.00257,-12.11059,-13.94659,"AU",130.9833,-12.48602,-13.02859,132.445115,169.705913782114
"376",376,"ac7e20ad3295f3dc083b7b70fa074ff3.xml","Athens","United States","Dept. of Marine Sciences",-81.3569,-81.2603,31.4513,31.3692,"US",-83.37794,33.96095,31.41025,-81.3086,343.020785876148
"377",377,"aca7e3c8ec327ca5416e08bb2f453421.xml","Darwin","Australia",NA,131.88766,133.00257,-12.11059,-13.94659,"AU",130.84185,-12.46113,-13.02859,132.445115,185.076769094935
"378",378,"ad3e07f49e0bd6aebc1da68546f382bc.xml","Woods Hole","United States",NA,-149.612633,-149.612633,68.629961,68.629961,"US",-72.87914,40.77909,68.629961,-149.612633,5329.76892774504
"379",379,"ad5ba67ab879af10bd863f46d7ccce0aba6bcd29.xml","Albuquerque","United States","Morse Hall",-71.22,-70.75,42.83,42.5,"US",-106.65114,35.08449,42.665,-70.985,3181.53265364015
"380",380,"aec48ea2ebeb2e4f0f997e077ffe2574.xml","Tucson","United States","National Coordinating Office",-124.36,-52.78,49.25,29.53,"US",-110.92648,32.22174,39.39,-88.57,2164.28906517737
"381",381,"af1acc7aa3af6b795d06330eeae03c1b7b2f591f.xml","Albuquerque","United States","Marine Biological Laboratory",-149.612633,-149.612633,68.629961,68.629961,"US",-106.65114,35.08449,68.629961,-149.612633,4577.30733644692
"382",382,"af9b9daef56e1bfad4660b7727a43723.xml","Durham","United States",NA,-149,-105,69,37,"US",-78.89862,35.99403,53,-127,4165.98757099854
"383",383,"afcd14d90e74cdd472ab7f948f8c8a51.xml","Woods Hole","United States","University of Michigan",-149.633006,-149.586709,68.641131,68.624027,"US",-72.87914,40.77909,68.632579,-149.6098575,5329.62636746493
"384",384,"b0c7c925db06188944c5f6465c6e8d43.xml","Miami","United States","3000 NE 151 St",-81.138,-81.031,25.378,25.209,"US",-80.19366,25.77427,25.2935,-81.0845,104.180446212683
"385",385,"b22deff0014b2ad677c738238059c55e.xml","Woods Hole","United States","Marine Biological Laboratory",-149.612633,-149.612633,68.629961,68.629961,"US",-72.87914,40.77909,68.629961,-149.612633,5329.76892774504
"386",386,"b45e3585aad48b2bb62b8bcfbc1a070a.xml","Athens","United States","Dept. of Marine Sciences",-81.445,-81.3593,31.3687,31.3328,"US",-83.37794,33.96095,31.35075,-81.40215,343.706719579527
"387",387,"b578c98683790fb8f011289db6231160.xml","Tucson","United States","National Coordinating Office",-124.36,-52.78,49.25,29.53,"US",-110.92648,32.22174,39.39,-88.57,2164.28906517737
"388",388,"b6563c883d868c1116f4b5369d1f0e6f.xml","Darwin","Australia",NA,130.684447,131.88766,-13.038,-13.525891,"AU",130.84185,-12.46113,-13.2819455,131.2860535,102.812120656223
"389",389,"b68cccd71e121e62c2b76c2cdd69578da8535e86.xml","Woods Hole","United States","Marine Biological Laboratory",-149.612633,-149.612633,68.629961,68.629961,"US",-72.87914,40.77909,68.629961,-149.612633,5329.76892774504
"390",390,"b6d4ab286bf23e4e185118fe6c1ca39e270877ff.xml","Albuquerque","United States","Dept. of Marine Sciences",-81.3563,-81.2614,31.4508,31.3698,"US",-106.65114,35.08449,31.4103,-81.30885,2389.88999908636
"391",391,"bb77b7a1fe119a44a8ae935fffe24d73.xml","Palmerston","Australia","PO Box 496",130.68445,130.9701,-13.038,-13.52589,"AU",130.9833,-12.48602,-13.281945,130.827275,89.6663605803637
"392",392,"bba24609e08b3d69b3e897145102c314.xml","Athens","United States","Dept. of Marine Sciences",-81.3406,-81.2621,31.4471,31.3708,"US",-83.37794,33.96095,31.40895,-81.30135,343.525276787025
"393",393,"bd0c536c740a4618e2695f1fc3d68ed5.xml","Santa Barbara","United States","Marine Science Institute",-150,-149.67,-17.45,-17.62,"US",-119.69819,34.42083,-17.535,-149.835,6576.47551433467
"394",394,"bdbf824e6b793492730280f6f9d18668.xml","Houston","United States",NA,-76.5,149.5,42.3997,-35.6333,"US",-95.36327,29.76328,3.3832,36.5,13723.8523632998
"395",395,"becc201ceae12e2973efb8c8faf608ab.xml","Fairbanks","United States","Biology and Wildlife Irving I; North Koyukuk Dr.",-148.321607,-148.31034,64.70138,64.696143,"US",-147.71639,64.83778,64.6987615,-148.3159735,32.4683904538446
"396",396,"c01faf6ec0eacff75ff5c901e1c041c51da74a1d.xml","Tucson","United States","National Coordinating Office",-124.36,-52.78,49.25,29.53,"US",-110.92648,32.22174,39.39,-88.57,2164.28906517737
"397",397,"c06b6d8a3c04b3f4bc0750312207d6cb.xml","Canberra","Australia","Frank Fenner Building (Building 141)",145.5,146.125,-37.875,-37.875,"AU",149.12807,-35.28346,-37.875,145.8125,413.172422297589
"398",398,"c0938d3ac1a52ad15758d021dfc6bdba.xml","Woods Hole","United States","Ecosystems Center",-70.91733,-70.91733,42.74989,42.74989,"US",-72.87914,40.77909,42.74989,-70.91733,272.979449365562
"399",399,"c0dfe2fa8fe91ae844d7d51783f1e750de696fcb.xml","Trade","United States",NA,-72.212,-72.212,42.469,42.469,"US",-92.60102,45.68023,42.469,-72.212,1666.89963952311
"400",400,"c248837a706882723caa6e3d29c14ca3.xml","Athens","United States","Dept. of Marine Sciences",-81.4842,-81.2659,31.4522,31.3057,"US",-83.37794,33.96095,31.37895,-81.37505,342.449518549104
"401",401,"c3c3ada2b8f98c92c58297cb4ae04ddf.xml","South Burlington","United States",NA,-72.8403,-72.816115,44.536363,44.527427,"US",-73.17096,44.46699,44.531895,-72.8282075,28.1971945443706
"402",402,"c40f8c5c55f53dfb1ec3bcff083ddf13af5eddd8.xml","Albuquerque","United States","The Ecosystems Center, MBL",-149.586653,-149.586653,68.641727,68.641727,"US",-106.65114,35.08449,68.641727,-149.586653,4577.10502739272
"403",403,"c46ec6fece8dfc623012533e6ed0dca0.xml","Athens","United States","Dept. of Marine Sciences",-81.4232,-81.178,31.5473,31.5249,"US",-83.37794,33.96095,31.5361,-81.3006,331.968938136458
"404",404,"c69842305029c275497205b7a2d45247.xml","Santa Barbara","United States","Marine Science Institute",-120.11905,-120.11905,34.46774988,34.46774988,"US",-119.69819,34.42083,34.46774988,-120.11905,39.0260754542719
"405",405,"c7ee7bce58e929e877a900815e8acf1a.xml","Santa Barbara","United States","Santa Barbara Coastal LTER",-120.1215,-120.1215,34.46883,34.46883,"US",-119.69819,34.42083,34.46883,-120.1215,39.2650531332177
"406",406,"c8deeabcea99260d9358376dc99350cd.xml","Canberra","Australia","Fenner School of Environment and Society, The           Australian National University",150.590591,150.76929,-35.114116,-35.195078,"AU",149.12807,-35.28346,-35.154597,150.6799405,142.008857865745
"407",407,"cb0b0241bfa1d8367b8b7eb1d471d3ac.xml","Canberra","Australia","Fenner School of Environment and Society, The Australian National University",150.613285,150.678648,-35.131813,-35.164476,"AU",149.12807,-35.28346,-35.1481445,150.6459665,139.01279590685
"408",408,"cbdc53d919c50aa19c6c6312f0df2ede.xml","Rio de Janeiro","Brazil","Universidade do Estado do Rio de Janeiro, Instituto de Biologia, Departamento de Ecologia, Laboratrio de Ecologia de Mamferos, Rua So Francisco Xavier, 524, PHCL 220, Maracan",-44.625,-40.25,-20.5,-23.375,"BR",-43.18223,-22.90642,-21.9375,-42.4375,131.873345290926
"409",409,"cd95a54737abd506c38bbd017bcd7864.xml","Fairbanks","United States","Institute of Arctic Biology; Department of Biology and Wildlife; University of Alaska Fairbanks",-147.603928,-147.482385,65.15876438,65.14329713,"US",-147.71639,64.83778,65.151030755,-147.5431565,35.8688877076189
"410",410,"ceabc9e7ccde756e79bcd85c84b673ee.xml","Athens","United States","Dept. of Marine Sciences",-81.4745,-81.2524,31.3368,31.3051,"US",-83.37794,33.96095,31.32095,-81.36345,348.465360028636
"411",411,"cf47e9a0b8944e329f11f879fb330fd7.xml","South Burlington","United States",NA,-72.8403,-72.816115,44.536363,44.527427,"US",-73.17096,44.46699,44.531895,-72.8282075,28.1971945443706
"412",412,"cfe2c20a89d5af98ff6b62a407ab99eb216c3aba.xml","Anchorage","United States","2915 Drake Drive",-149.5992,-149.5992,68.6331,68.6331,"US",-149.90028,61.21806,68.6331,-149.5992,826.826615391071
"413",413,"d0697c647455021b74257dfbc85bc9081ef0d8a5.xml","Albuquerque","United States","Dept. of Marine Sciences",-81.4749,-81.2414,31.3369,31.3051,"US",-106.65114,35.08449,31.321,-81.35815,2388.25645833357
"414",414,"d4c8c30798fd0192ccc80ca351f980702195b6e0.xml","Albuquerque","United States",NA,-149.612633,-149.612633,68.629961,68.629961,"US",-106.65114,35.08449,68.629961,-149.612633,4577.30733644692
"415",415,"d4e54d94504fa7d0a73076ee0750a4b6def6117b.xml","Albuquerque","United States","Marine Biological Laboratory",-149.612633,-149.612633,68.629961,68.629961,"US",-106.65114,35.08449,68.629961,-149.612633,4577.30733644692
"416",416,"d8d638cff7c1500daab89430ed3c2981.xml","Fairbanks","United States","Biology and Wildlife Irving I; North Koyukuk Dr.",-148.321607,-148.31034,64.70138,64.696143,"US",-147.71639,64.83778,64.6987615,-148.3159735,32.4683904538446
"417",417,"d988fdde7cef2de605d38274e60e11df.xml","Woods Hole","United States","Marine Biological Laboratory",-149.612633,-149.612633,68.629961,68.629961,"US",-72.87914,40.77909,68.629961,-149.612633,5329.76892774504
"418",418,"d9ad73f64d5e022a571af02f52c39865.xml","Murray","United States","CPO 2121",-88.1227777777778,-88.1144444444444,36.7380555555556,36.7313888888889,"US",-124.11427,40.80354,36.7347222222222,-88.1186111111111,3138.38160842804
"419",419,"d9d9c98bc67e8e264143a1df04e5076fab30024b.xml","Santa Barbara","United States","Marine Science Institute",-150,-149.67,-17.45,-17.62,"US",-119.69819,34.42083,-17.535,-149.835,6576.47551433467
"420",420,"dc972ef45c9ec4f0aa1d2268d3cbdd0b697951f1.xml","Albuquerque","United States","Marine Science Institute",-149.8333,-149.8333,-17.5333,-17.5333,"US",-106.65114,35.08449,-17.5333,-149.8333,7397.05422454397
"421",421,"dd05d85f78e02ddcb34b4bf3451fba96.xml","Palmerston","Australia","PO Box 496",132.16505,132.74043,-13.81268,-14.39819,"AU",130.9833,-12.48602,-14.105435,132.45274,239.682936864759
"422",422,"dd35e584bfb266f84a6a9c9f88c83186.xml","Athens","United States","Dept. of Marine Sciences",-81.4239,-80.9578,31.5477,31.4409,"US",-83.37794,33.96095,31.4943,-81.19085,341.826923236466
"423",423,"df16ea2b833fe7d701ff069cf8c9b30b.xml","Woods Hole","United States","University of Michigan",-149.633006,-149.586709,68.641131,68.624027,"US",-72.87914,40.77909,68.632579,-149.6098575,5329.62636746493
"424",424,"df7696dc57c3b0435b6880aabbf0481784109f64.xml","Albuquerque","United States","Dept. of Marine Sciences",-81.3915,-81.3427,31.4053,31.359,"US",-106.65114,35.08449,31.38215,-81.3671,2385.48047993582
"425",425,"e085c2039c1fddf0ef54d9ece7ceb477.xml","Petersham","United States",NA,-69.96,-69.96,43.85,43.85,"US",-72.18703,42.48759,43.85,-69.96,236.003500386377
"426",426,"e15b4a88f1ef8a7ef5d6a5d1862f30e9.xml","Sydney","Australia","University of New South Wales",150.84554,150.93563,-34.2008,-34.26344,"AU",151.20732,-33.86785,-34.23212,150.890585,49.8785646071114
"427",427,"e1853f8dce168c8e7dc96badeb296a8dd633516b.xml","Woods Hole","United States","Marine Biological Laboratory",-149.612633,-149.612633,68.629961,68.629961,"US",-72.87914,40.77909,68.629961,-149.612633,5329.76892774504
"428",428,"e2372380fa44d08a2c6a32cf9e7d693a21984c65.xml","Albuquerque","United States",NA,-149.612633,-149.612633,68.629961,68.629961,"US",-106.65114,35.08449,68.629961,-149.612633,4577.30733644692
"429",429,"e2b55acc16e28af817372bcf6a33fcfb66a1b3a7.xml","Tucson","United States","National Coordinating Office",-124.36,-52.78,49.25,29.53,"US",-110.92648,32.22174,39.39,-88.57,2164.28906517737
"430",430,"e35a9a9d206bbfa52cae0ab55164522d0d9f065f.xml","Albuquerque","United States","Marine Science Institute",-120.11905,-120.11905,34.46774988,34.46774988,"US",-106.65114,35.08449,34.46774988,-120.11905,1233.75753085757
"431",431,"e6198d0dcfa62d51248ccd2bc2962101d1a6006e.xml","Athens","United States","Dept. of Marine Sciences",-81.284952,-81.283836,31.450214,31.449846,"US",-83.37794,33.96095,31.45003,-81.284394,340.670874437733
"432",432,"e91889da94ecdab1d1840d992d7bfa91.xml","Woods Hole","United States",NA,-149.612633,-149.612633,68.629961,68.629961,"US",-72.87914,40.77909,68.629961,-149.612633,5329.76892774504
"433",433,"eb28b2e3a73ef9169690adf6a3ef1cd950d32da8.xml","Woods Hole","United States",NA,-149.600895,-149.600895,68.632586,68.632586,"US",-72.87914,40.77909,68.632586,-149.600895,5329.26367578049
"434",434,"eec24ddf4d5fd430f627fb698f867baa.xml","Santa Barbara","United States",NA,-149.8333,-149.8333,-17.5333,-17.5333,"US",-119.69819,34.42083,-17.5333,-149.8333,6576.22353029339
"435",435,"f32bec9498612bc798d2c4bc451dca76.xml","Tucson","United States","National Coordinating Office",-124.36,-52.78,49.25,29.53,"US",-110.92648,32.22174,39.39,-88.57,2164.28906517737
"436",436,"f54f5a255aa000c8f11ef6af47a353f1.xml","Athens","United States","Dept. of Marine Sciences",-81.5517,-81.3595,31.3683,31.333,"US",-83.37794,33.96095,31.35065,-81.4556,341.039315861481
"437",437,"f6214c79352ccfb1dcc2a2ee04d9710862a1c65e.xml","Albuquerque","United States","Morse Hall",-71.22,-70.75,42.83,42.5,"US",-106.65114,35.08449,42.665,-70.985,3181.53265364015
"438",438,"f9598e3f047ff5badec2d83682586528.xml","Miami","United States","Florida International University",-80.95,-80.862,25.464,25.34,"US",-80.19366,25.77427,25.402,-80.906,82.5969714935779
"439",439,"faf6cbb6509767086a8c012e02cc80012a8cf8bc.xml","Albuquerque","United States","Olin-Rice Science Center, 115",-148.2744455,-148.149437,64.73146502,64.67129926,"US",-106.65114,35.08449,64.70138214,-148.21194125,4300.13515519946
"440",440,"fd9629fc906fa3a096365323793aa909.xml","Miami","United States","3000 NE 151 St",-81.138,-81.031,25.378,25.209,"US",-80.19366,25.77427,25.2935,-81.0845,104.180446212683
"441",441,"fff2547cfe17c0a2069d892f2bcbd97e6a17ab24.xml","Albuquerque","United States","Dept. of Marine Sciences",-81.3567,-81.2609,31.4516,31.3692,"US",-106.65114,35.08449,31.4104,-81.3088,2389.89137508371
