name,city_contact,country_contact,city_creator,country_creator,deliveryPoint_creator,west,east,north,south
002b602f989a7b0a1041e62f8c3ef69bdecb4d70.xml,Albuquerque,USA,Santa Barbara,USA,Marine Science Institute,NA,NA,NA,NA
02d6e699a2a4fe1e2db1fc5047310998.xml,Corvallis,USA,NA,NA,NA,NA,NA,NA,NA
036369da6d093620a4d4d2af0cad1804.xml,Fairbanks,USA,Fairbanks,United States,Forest Soils Laboratory University of Alaska Fairbanks O'Neill Bldg,-148.31389,-148.2549125,64.74167,64.69889576
045863cf39b92aeb5ff090113f199a9d5c16c696.xml,Albuquerque,USA,Corvallis,NA,Forest Ecosystems and Society Department in Forestry,-122.34493256,-122.00000000,44.39608383,44.00000000
04adca0ea0f389ff4f495771a71a98c3ab69399f.xml,Fairbanks,USA,Brownsville,United States,"Department of Biological Sciences, University of Texas-Brownsville, One West University Blvd, LHSB 2.810",161.44672,161.49712,68.7431,68.75601
054a9b5d155111b01bada561d925f767.xml,Corvallis,NA,Corvallis,NA,Forest Ecosystems and Society Department in Forestry,-122.25714600,-122.12699600,44.28226000,44.20127400
0571e4096d360f8b191038a0477e32d0.xml,Santa Barbara,United States,Santa Barbara,USA,Marine Science Institute,NA,NA,NA,NA
05c881510b0610089e7deb262f386177.xml,Corvallis,USA,NA,NA,NA,NA,NA,NA,NA
0624bf5045ea122e2f79c6851a7f3191.xml,NA,NA,NA,NA,NA,NA,NA,NA,NA
06576cd31d20a41dbd7f1b4f29284ef2fff59ba6.xml,Albuquerque,USA,Corvallis,United States,8080 NW Ridgewood Drive,-148.32123,-148.2854,64.76594,64.69559
065b0773cb24cfcab262a062a713d9d6.xml,NA,NA,NA,NA,NA,NA,NA,NA,NA
06ac39a8634af42fd7b65ea459ab3bc2.xml,NA,NA,NA,NA,NA,NA,NA,NA,NA
07b219c9185a3454a214783ec3184d2921457b42.xml,Albuquerque,USA,Fairbanks,United States,Forest Soils Laboratory University of Alaska Fairbanks O'Neill Bldg,-148.31389,-148.2549125,64.74167,64.69889576
07bd37c527e825be07151abf835c16c7444baaef.xml,Albuquerque,USA,Corvallis,NA,Forest Ecosystems and Society Department in Forestry,NA,NA,NA,NA
07d38004b99cf412412cc4e7762dd36c.xml,Fairbanks,USA,Corvallis,United States,8080 NW Ridgewood Drive,-148.32123,-148.2854,64.76594,64.69559
08adfc44b1fed9f99169b84c7d003d0c.xml,Corvallis,NA,Corvallis,NA,Forest Ecosystems and Society Department in Forestry,NA,NA,NA,NA
09681963d63e37b94ed29402fa24d16cf94d0322.xml,Fairbanks,USA,Fairbanks,United States,Forest Soils Laboratory University of Alaska Fairbanks O'Neill Bldg,-148.3537914,-148.1426888,64.7666796,64.67834557
09879c20be3bfbb08a14614d5a3a42c06300d814.xml,Fairbanks,USA,Corvallis,United States,8080 NW Ridgewood Drive,-149.45,-149.25,60.7333,60.310833
0aa1ea5d95fa5943bfe937c92e3ed1f6.xml,Corvallis,NA,Corvallis,NA,Forest Ecosystems and Society Department in Forestry,NA,NA,NA,NA
0bf098bd60567229de4b939eedae7955.xml,NA,NA,NA,NA,NA,NA,NA,NA,NA
0d2ffb7217256f12c3056bfc2538fb57c5531349.xml,Albuquerque,USA,Corvallis,NA,Forest Ecosystems and Society Department in Forestry,NA,NA,NA,NA
0dde12a5895588514cae11116c7c86018459bccf.xml,Albuquerque,USA,Albuquerque,US,"UNM Dept of Biology, MSC03 2020",NA,NA,NA,NA
0dee77fb4d3770744bc9fc4c74c98bfd31f8a6f2.xml,Albuquerque,USA,Fairbanks,United States,Forest Soils Laboratory University of Alaska Fairbanks O'Neill Bldg,-148.31389,-148.2549125,64.74167,64.69889576
0eb4b72d9d637ea5e5f2c4464591c2512d407446.xml,Albuquerque,USA,Corvallis,NA,Forest Ecosystems and Society Department in Forestry,NA,NA,NA,NA
0ebd38b851c36ad371ec340cac95cca5807ba57e.xml,Albuquerque,USA,Corvallis,NA,Forest Ecosystems and Society Department in Forestry,NA,NA,NA,NA
0ec50691c5cba79966094246b340b39f2cfc605e.xml,Albuquerque,USA,Corvallis,NA,Forest Ecosystems and Society Department in Forestry,NA,NA,NA,NA
0f8dba36c217e33022e9981f7743ebc3.xml,Corvallis,NA,Corvallis,NA,Forest Ecosystems and Society Department in Forestry,-122.16815000,-122.16381000,44.22146666,44.21566200
101a38c01943cefb5636e7bbae43bcda235832fe.xml,Albuquerque,USA,Corvallis,NA,Forest Ecosystems and Society Department in Forestry,-122.16815000,-122.16381000,44.22146666,44.21566200
103721b9def3bbf043178713bdb6dcd6078b7f28.xml,Albuquerque,USA,Fairbanks,United States,Forest Soils Laboratory University of Alaska Fairbanks O'Neill Bldg,-148.3537914,-148.1426888,64.7666796,64.67834557
1065eea91cd432eae528630382ff454fa98a7a69.xml,Albuquerque,USA,Corvallis,NA,Forest Ecosystems and Society Department in Forestry,-122.26172200,-122.26172200,44.28196400,44.28196400
1073dcdae8715c5be251c204c666ec909bb6ce80.xml,Fairbanks,USA,Fairbanks,United States,"Department of Biology and Wildlife, University of Alaska Fairbanks, Murie Building",-148.2682,-148.2964,64.7088,64.6991
1080741a59752e4fa1607562b617105fcf78de72.xml,Fairbanks,USA,Fairbanks,United States,Department of Biology and Wildlife;  Institute of Arctic Biology:  University of Alaska Fairbanks 193 Arctic Health P.O. Box 757000,-148.3537914,-148.1468545,64.76810641,64.67834557
10d8b97da1cdc7ffeca1e357a5d53fee2db60f2b.xml,Albuquerque,USA,NA,NA,NA,-72.393,-71.982,+42.541,+42.296
11086ec5837e47cf35382263e05837d37fb4ad14.xml,Albuquerque,USA,Corvallis,NA,Forest Ecosystems and Society Department in Forestry,-122.19019100,-122.19019100,44.23285200,44.23285200
11b1735c4252ba83e9cb9baa7ad9957685714e48.xml,Albuquerque,USA,Fairbanks,United States,"Department of Biology and Wildlife, University of Alaska Fairbanks, Murie Building",-148.2682,-148.2964,64.7088,64.6991
12dbe1093644ee743fccfe6caa4310c6.xml,Corvallis,NA,Corvallis,NA,Forest Ecosystems and Society Department in Forestry,NA,NA,NA,NA
1355d15e79ebda0e7b936d85ea46524ff82d2ac2.xml,Albuquerque,USA,Fairbanks,United States,"Department of Biology and Wildlife, University of Alaska Fairbanks, Murie Building",-148.2682,-148.2964,64.7088,64.6991
13afc512cd050eb66f4d586df08e9481.xml,NA,NA,NA,NA,NA,NA,NA,NA,NA
143f2814b3d4dcc7d4608c38b3636daf.xml,Fairbanks,USA,Corvallis,United States,8080 NW Ridgewood Drive,-148.32123,-148.2854,64.76594,64.69559
148eff89ae8824542cbcfdeb5f9105ff.xml,NA,NA,NA,NA,NA,NA,NA,NA,NA
14bedaa74e86867a97030cacbfcb3d5d1b59a95a.xml,Albuquerque,US,Albuquerque,US,"UNM Dept of Biology, MSC03 2020",NA,NA,NA,NA
158fe958ffb9b162a1049b17fb586132.xml,Truckee,USA,NA,NA,NA,NA,NA,NA,NA
15a50445861ad0d384731367883c2ac0f4b10775.xml,Albuquerque,USA,Corvallis,NA,Forest Ecosystems and Society Department in Forestry,NA,NA,NA,NA
16ff0f0e8c1f9c05ffb4fb36fdc43ba71fff16bc.xml,Albuquerque,USA,Corvallis,NA,Forest Ecosystems and Society Department in Forestry,NA,NA,NA,NA
170fe3d35810e1dee8266f135cb1d43e.xml,Fairbanks,USA,Fairbanks,United States,Institute of Arctic Biology  University of Alaska Fairbanks P.O. Box 757000,-148.1734,-148.17303,64.41417,64.41366
1829a39e3b0d9b2d56e2d0cffadecc3a5078faa2.xml,Albuquerque,USA,Corvallis,NA,Forest Ecosystems and Society Department in Forestry,NA,NA,NA,NA
193557650fab2bccc66935a35e62894253626417.xml,Albuquerque,USA,Corvallis,NA,Forest Ecosystems and Society Department in Forestry,NA,NA,NA,NA
195bc3ceb4c3a53756a1a2dc5c442244072a3539.xml,Albuquerque,USA,Corvallis,NA,Forest Ecosystems and Society Department in Forestry,NA,NA,NA,NA
19a19bee93a177eee19c8b34bb7ef88bf176eb91.xml,Albuquerque,USA,Corvallis,NA,Forest Ecosystems and Society Department in Forestry,NA,NA,NA,NA
19ed77b8edb179095f0c5ee06d876945.xml,NA,NA,NA,NA,NA,NA,NA,NA,NA
1a0059cb2314c139d8b69f3dd7e0fb15.xml,Petersham,USA,NA,NA,NA,-72.23,-72.16,+42.45,+42.55
1a9f774957e3aa9329a988ca6d20470437fbd93a.xml,Fairbanks,USA,Fairbanks,United States,"School of Natural Resources and Agricultural Sciences, University of Alaska Fairbanks, P.O. Box 757200",-151.55806,-141.1070868,67.9269131,60.11494602
1bdafd8968914e3b11776a6b3246474d.xml,NA,NA,NA,NA,NA,NA,NA,NA,NA
1c1bee228c321160726f5e89331d3329bbc51f70.xml,Fairbanks,USA,Fairbanks,United States,Institute of Arctic Biology  University of Alaska Fairbanks P.O. Box 757000,-149.06571,-143.22145,64.41417,63.01548
1c26b409b9706d5b25ff1e1d2ae64a64.xml,Fairbanks,USA,NA,NA,NA,-148.2640747,-147.4913325,65.15393372,64.68195711
1d1c1e7aa8063b05f6645e373cdee87e.xml,Corvallis,NA,Corvallis,NA,Forest Ecosystems and Society Department in Forestry,NA,NA,NA,NA
1dd4bed4b5702cc57e0c9d6e994b67fa9eecf017.xml,Albuquerque,USA,NA,NA,NA,-72.22,-72.21,+42.48,+42.47
1f972ddf6f462fd6fc593406ff14ce85d945646a.xml,Albuquerque,USA,Corvallis,NA,Forest Ecosystems and Society Department in Forestry,-122.26172200,-122.10084700,44.28196400,44.19770400
201298a9fff3a46d94b8fd91163b70a6d2736a94.xml,Fairbanks,USA,Fairbanks,United States,Department of Biology and Wildlife;  Institute of Arctic Biology:  University of Alaska Fairbanks 193 Arctic Health P.O. Box 757000,-148.3537914,-148.1468545,64.76810641,64.67834557
20265235f912a23fcfc50759705e84c2.xml,NA,NA,NA,NA,NA,NA,NA,NA,NA
202e7839ed39c31852bc960e8d2012a0.xml,NA,NA,NA,NA,NA,NA,NA,NA,NA
20b0d23ec55391412008520f1c67070c.xml,NA,NA,NA,NA,NA,NA,NA,NA,NA
20c71833fd3480b9d2fbecf89118e4eb.xml,Albuquerque,NA,Albuquerque,NA,"Department of Biology, MSC03 2020, 1 University of New Mexico",NA,NA,NA,NA
2102c0bfc1973c57d53402cca38dfc2758011de8.xml,Albuquerque,USA,Corvallis,NA,Forest Ecosystems and Society Department in Forestry,-122.43270000,-121.86768530,45.84017138,44.16920000
21630cbac2c1425475c6d777554f93d102e88c37.xml,Albuquerque,USA,Corvallis,NA,Forest Ecosystems and Society Department in Forestry,NA,NA,NA,NA
21be6a27a1decbdb44d0cdcd7b1a68ef.xml,Corvallis,NA,NA,NA,NA,NA,NA,NA,NA
226285355a8370e7ecd2ba430eaf2b2a.xml,NA,NA,NA,NA,NA,NA,NA,NA,NA
22ee85770f4dda121f9ca75ae4fd382eff4ac354.xml,Albuquerque,USA,NA,NA,NA,NA,NA,NA,NA
23861806501d7564460ce2766cd62847.xml,Bangalore,India,NA,NA,NA,76.5292,76.5292,11.5967,11.5967
23a4ffaac7ac3d8f6a640bef0bfdd027b7077e7e.xml,Albuquerque,USA,NA,NA,NA,-148.3790685,-148.1426888,64.7666796,64.6719571
24318a11940f69d5a77c6e6411610e718a848782.xml,Fairbanks,USA,NA,NA,NA,-148.3790685,-148.1426888,64.7666796,64.6719571
24db3e20049c602c5f12d22765273f6bd6306119.xml,Fairbanks,USA,Fairbanks,United States,Forest Soils Laboratory University of Alaska Fairbanks O'Neill Bldg,-148.31389,-148.2549125,64.74167,64.69889576
24f3e13d656e5f3813264d793a5fc4a5a19854a7.xml,Albuquerque,USA,Fairbanks,United States,Forest Soils Laboratory University of Alaska Fairbanks O'Neill Bldg,-148.3537914,-148.1426888,64.7666796,64.67834557
2518919b00caed6ec2f30b0e36820296.xml,Fairbanks,USA,Fairbanks,United States,Forest Soils Laboratory University of Alaska Fairbanks O'Neill Bldg,-148.3537914,-148.1426888,64.7666796,64.67834557
25d6f9b2e80d5b6e91099c75b81f44f361eaadc8.xml,Corvallis,NA,Corvallis,NA,Forest Ecosystems and Society Department in Forestry,NA,NA,NA,NA
26460ccb75592a0259e8a5b75f8f43bd9eac81bb.xml,Corvallis,NA,Corvallis,NA,Forest Ecosystems and Society Department in Forestry,-122.26077300,-122.11159200,44.28199700,44.20198200
2685af99d78027ac73206809650d2c49.xml,Corvallis,NA,Corvallis,NA,Forest Ecosystems and Society Department in Forestry,NA,NA,NA,NA
27b9804aa9e788bd5817e2683435138e.xml,NA,NA,NA,NA,NA,NA,NA,NA,NA
2816a5a065717fdd007027a56d57d7ec33c533a6.xml,Albuquerque,USA,Corvallis,NA,Forest Ecosystems and Society Department in Forestry,NA,NA,NA,NA
2868aecfeb4e49261bf1d604bdfd6ee7.xml,Corvallis,NA,Corvallis,NA,Forest Ecosystems and Society Department in Forestry,NA,NA,NA,NA
2a63da9b43155569d0dbc6355c30a92c735d5924.xml,Albuquerque,USA,Albuquerque,United States,Long Term Ecological Research - Network Office Department of Biology  University of New Mexico,NA,NA,NA,NA
2a68f417b8abd4ab2bda8b9bd5ae7cceae52dfef.xml,Albuquerque,USA,Corvallis,NA,Forest Ecosystems and Society Department in Forestry,-122.26172200,-122.10084700,44.28196400,44.19770400
2ace90ce2944ff0fdf739b46f18fc70b.xml,Corvallis,NA,Corvallis,NA,Forest Ecosystems and Society Department in Forestry,NA,NA,NA,NA
2bb0d4a1b30a38d7185ca4dc742964f2.xml,NA,NA,NA,NA,NA,NA,NA,NA,NA
2c1c9256d1cbd1ea82ace9c74a2e976301a6aec4.xml,Albuquerque,USA,Corvallis,NA,Forest Ecosystems and Society Department in Forestry,-122.25800000,-122.11200000,44.27700000,44.20800000
2c478ffceb83ffc41b4f2d18d6395b1370960160.xml,Albuquerque,USA,Corvallis,NA,Forest Ecosystems and Society Department in Forestry,NA,NA,NA,NA
2ca475590bb3934912e4e6d2769d41f461b0669c.xml,Albuquerque,USA,NA,NA,NA,-72.393,-71.982,+42.541,+42.296
2cafa485ea3228a0289794ddaf50fde3.xml,Corvallis,USA,NA,NA,NA,NA,NA,NA,NA
2db193ff2ede0815886e544b2274827c4516a0fb.xml,Albuquerque,USA,Fairbanks,United States,Department of Biology and Wildlife;  Institute of Arctic Biology:  University of Alaska Fairbanks 193 Arctic Health P.O. Box 757000,-148.31389,-148.31389,64.74167,64.74167
2df012c97e5f41fc46fe2cfafabb0799.xml,NA,NA,NA,NA,NA,NA,NA,NA,NA
2ec63868ae44bd932e0a043469af739b974f8e83.xml,Albuquerque,USA,NA,NA,NA,NA,NA,NA,NA
2ed9210a72431eef44ea2e300064bc1a14b6937a.xml,Fairbanks,USA,Fairbanks,United States,Department of Biology and Wildlife;  Institute of Arctic Biology:  University of Alaska Fairbanks 193 Arctic Health P.O. Box 757000,-148.3537914,-148.1468545,64.7666796,64.67834557
2f7b0d78c7752c435c27bd39b7e6ec33.xml,Corvallis,NA,Corvallis,NA,Forest Ecosystems and Society Department in Forestry,NA,NA,NA,NA
2fbc358d595e3649a5bf9483922b7f83a4ca8c12.xml,Fairbanks,USA,Fairbanks,United States,Forest Soils Laboratory; Department of Forest Sciences; SNRAS; University of Alaska Fairbanks,-148.3790685,-148.1468545,64.7666796,64.6719571
3041aa8dc7691726fdf69f0b2b29c360ca819f51.xml,Albuquerque,USA,Corvallis,NA,Forest Ecosystems and Society Department in Forestry,NA,NA,NA,NA
334554da45419e0c9d1609789a2f8228.xml,Amherst,USA,NA,NA,NA,-71.92306,-72.47918,+42.72851,+42.30162
33701c0c9dade4f1c295fe4db402287d5fbe379a.xml,Albuquerque,USA,Corvallis,NA,Forest Ecosystems and Society Department in Forestry,-122.25683100,-122.23581300,44.20851700,44.19901700
34d2e6468ed2a7c01cc02284eb46b406.xml,NA,NA,Albuquerque,NA,"Department of Biology, MSC03 2020, 1 University of New Mexico",NA,NA,NA,NA
352565612ec5224f01b90c4a80c845bc.xml,Corvallis,NA,Corvallis,NA,Forest Ecosystems and Society Department in Forestry,NA,NA,NA,NA
368761febafb81c10b1d736bae85f266.xml,Corvallis,NA,Corvallis,NA,Forest Ecosystems and Society Department in Forestry,0.00000000,0.00000000,0.00000000,0.00000000
370d6d6e4b92c3c9c0b7553ed30b357fa6d695c2.xml,Fairbanks,USA,Fairbanks,United States,Forest Soils Laboratory University of Alaska Fairbanks O'Neill Bldg,-148.2482407,-148.2482407,64.69779026,64.69779026
37c2adf2ef2e62812bd0488e9079f1cbf3b6187c.xml,Fairbanks,USA,Fairbanks,United States,Forest Soils Laboratory University of Alaska Fairbanks O'Neill Bldg,-148.3537914,-148.1426888,64.7666796,64.67834557
38465b8173b07834266a70c366991085ef23a4e8.xml,Albuquerque,USA,Fairbanks,United States,Forest Soils Laboratory University of Alaska Fairbanks O'Neill Bldg,-148.3537914,-148.1426888,64.76810641,64.67834557
386610048326b48b017e744b867615178487f089.xml,Albuquerque,USA,Corvallis,NA,Forest Ecosystems and Society Department in Forestry,-122.16815000,-122.16381000,44.22146666,44.21566200
3922744e34a89ce99005c7f751f1df83.xml,Corvallis,USA,NA,NA,NA,NA,NA,NA,NA
3942372ba40e3d8c92c3a10ac7d21c95.xml,NA,NA,NA,NA,NA,NA,NA,NA,NA
39da0323aeccd41bb11abab90e831486.xml,Corvallis,NA,Corvallis,NA,Forest Ecosystems and Society Department in Forestry,-122.19019100,-122.19019100,44.23285200,44.23285200
3ab89c7d30f4c4ba480a16b88012cd31f188ba25.xml,Amherst,USA,NA,NA,NA,-71.92306,-72.47918,+42.72851,+42.30162
3af0d34e84f1999ed09067c7f7d0a2b1.xml,Santa Barbara,United States,Santa Barbara,USA,Marine Science Institute,NA,NA,NA,NA
3b56820f77270d4b4f30f41e270cb6a5207c0fbb.xml,Fairbanks,USA,Brownsville,United States,"Department of Biological Sciences, University of Texas-Brownsville, One West University Blvd, LHSB 2.810",161.44672,161.49712,68.7431,68.75601
3c70628055759372719dcac006a926a08e4829c2.xml,Petersham,USA,NA,NA,NA,NA,NA,NA,NA
3c8c603302365b5fdaa526ad2909e19e.xml,Corvallis,NA,Corvallis,NA,Forest Ecosystems and Society Department in Forestry,-121.98988694,-121.98988694,43.76596138,43.76596138
3d1482c063f6c54a4fb078bf4c783e26.xml,NA,NA,Albuquerque,NA,"Department of Biology, MSC03 2020, 1 University of New Mexico",NA,NA,NA,NA
3d2dd9ad9dda6ec24c8174f5711701e9.xml,NA,NA,NA,NA,NA,NA,NA,NA,NA
3db0ed0893488cf1b7614d7be4ffc515.xml,Corvallis,NA,Corvallis,NA,Forest Ecosystems and Society Department in Forestry,0.00000000,0.00000000,0.00000000,0.00000000
3eef239d83c9d77fd7fa7c3a0182b059.xml,NA,NA,NA,NA,NA,NA,NA,NA,NA
3f0355fca8a46375c090b87521866f16.xml,NA,NA,NA,NA,NA,NA,NA,NA,NA
3f8bec8dcec697eda8ec7a0931ef1eb0.xml,Corvallis,NA,Corvallis,NA,Forest Ecosystems and Society Department in Forestry,-122.25800000,-122.11200000,44.27700000,44.20800000
41456d1f6d28e0f575421a27bd43ed0286f4f8f1.xml,Redding,USA,NA,NA,NA,-72.393,-71.982,+42.541,+42.296
41676f0b26f251018c4feeecf510238f2d77b3d6.xml,Corvallis,NA,Corvallis,NA,Forest Ecosystems and Society Department in Forestry,NA,NA,NA,NA
4173a0927a8a484ab04f7272424c3fe0.xml,Corvallis,NA,Corvallis,NA,Forest Ecosystems and Society Department in Forestry,NA,NA,NA,NA
41ad408ec06cb2f08ac4ad8fbc8c662f52b32648.xml,Corvallis,NA,Corvallis,NA,Forest Ecosystems and Society Department in Forestry,-122.15208820,-122.12605670,44.28020840,44.20308930
42b95b132a2125b491b3ed22ef86ab14a201e12f.xml,Fairbanks,USA,Corvallis,United States,8080 NW Ridgewood Drive,-148.233156,-148.233156,64.748597,64.748597
4497530dd9aa4380928ab29e506c11a0cbf83fa4.xml,Albuquerque,USA,Corvallis,NA,Forest Ecosystems and Society Department in Forestry,NA,NA,NA,NA
44f5ee91cf5c47280960018c92ce6572638b59ec.xml,Corvallis,NA,Corvallis,NA,Forest Ecosystems and Society Department in Forestry,-122.15208820,-122.12605670,44.28020840,44.20308930
454dfcdd14cb2941c7d3601523552d9b.xml,NA,NA,NA,NA,NA,NA,NA,NA,NA
45b40f082df0bce221fd1ecf281eb71db08d412a.xml,Albuquerque,USA,Corvallis,NA,Forest Ecosystems and Society Department in Forestry,-122.26172200,-122.10084700,44.28196400,44.19770400
4621d4c871d2e90cdb404e516e58a1c3.xml,NA,NA,NA,NA,NA,NA,NA,NA,NA
46561a335d2a3a2f766cdbe4b2808f02.xml,NA,NA,Albuquerque,NA,"Department of Biology, MSC03 2020, 1 University of New Mexico",NA,NA,NA,NA
47413a5d83cac9cd03c7047ee87ba3429bdc9730.xml,Fairbanks,USA,Fairbanks,United States,Forest Soils Laboratory; Department of Forest Sciences; SNRAS; University of Alaska Fairbanks,-148.264909,-148.1532447,64.7050112,64.6719571
4784e8122fd52b9c4959b049e16d82750afa2297.xml,Albuquerque,USA,Fairbanks,United States,"Department of Biology and Wildlife, University of Alaska Fairbanks, Murie Building",-148.2682,-148.2964,64.7088,64.6991
47bb45e513f8729e72db90e8c08296bff4743476.xml,Albuquerque,USA,Corvallis,NA,Forest Ecosystems and Society Department in Forestry,NA,NA,NA,NA
480bcded43263930a6a55fde98656d61.xml,Fairbanks,USA,Fairbanks,United States,Department of Biology and Wildlife;  Institute of Arctic Biology:  University of Alaska Fairbanks 193 Arctic Health P.O. Box 757000,-148.31389,-148.31389,64.74167,64.74167
48567d35f9f20e774820363dfb1ba4c3d5648826.xml,Albuquerque,USA,Fairbanks,United States,Forest Soils Laboratory University of Alaska Fairbanks O'Neill Bldg,-148.3537914,-148.1426888,64.76810641,64.67834557
497b12ace9f0351108700848c0355263.xml,NA,NA,NA,NA,NA,NA,NA,NA,NA
4a5dffe916e2d97f333047e0bb63422b487caac2.xml,Albuquerque,USA,Fairbanks,United States,Department of Biology and Wildlife;  Institute of Arctic Biology:  University of Alaska Fairbanks 193 Arctic Health P.O. Box 757000,-148.3537914,-148.1468545,64.7666796,64.67834557
4cb8da34bb1d7ef5c4993cc6d9950c821655a484.xml,Albuquerque,USA,Corvallis,NA,Forest Ecosystems and Society Department in Forestry,NA,NA,NA,NA
4d92ae6ac382fa2ed906a32d62542b87.xml,Corvallis,NA,Corvallis,NA,Forest Ecosystems and Society Department in Forestry,-122.26172200,-122.10084700,44.28196400,44.19770400
4dab56b76acd5fd0ce348011b4641046eb64658c.xml,Albuquerque,USA,Corvallis,NA,Forest Ecosystems and Society Department in Forestry,NA,NA,NA,NA
4e8811be57576d3d201d61bba01ec0642cbacfcd.xml,Albuquerque,USA,Corvallis,NA,Forest Ecosystems and Society Department in Forestry,NA,NA,NA,NA
4f119bca09aeaaa7756379478c1bfd8aed8ca033.xml,Albuquerque,USA,Corvallis,NA,Forest Ecosystems and Society Department in Forestry,NA,NA,NA,NA
4f5e9d541f0b26595aa623f1cff7ed15.xml,Corvallis,NA,Corvallis,NA,Forest Ecosystems and Society Department in Forestry,-122.16815000,-122.16381000,44.22146666,44.21566200
4f8f17968376d3a871997b9fa00069f7d74a9e81.xml,Albuquerque,USA,NA,NA,NA,NA,NA,NA,NA
503beb0d5c97938685325d6070a90df4deb8333d.xml,Albuquerque,USA,Corvallis,NA,Forest Ecosystems and Society Department in Forestry,-122.16815000,-122.16381000,44.22146666,44.21566200
53a921993ea4bbedbc028ae1631a313d264233fe.xml,Albuquerque,USA,Corvallis,NA,Forest Ecosystems and Society Department in Forestry,NA,NA,NA,NA
53bfc63e57329e4f8e92c191c11a0eb3.xml,Corvallis,NA,Corvallis,NA,Forest Ecosystems and Society Department in Forestry,NA,NA,NA,NA
540a9f290d41734174ad6a8aa7eefd162d40e29b.xml,Fairbanks,USA,Fairbanks,United States,Department of Biology and Wildlife;  Institute of Arctic Biology:  University of Alaska Fairbanks 193 Arctic Health P.O. Box 757000,-148.3537914,-148.1468545,64.76810641,64.67834557
549f2707ed707908bca9bfb3683ee0fd.xml,Corvallis,NA,Corvallis,NA,Forest Ecosystems and Society Department in Forestry,NA,NA,NA,NA
54a94eff55744c76d504335517d39ebbaea44350.xml,Petersham,USA,NA,NA,NA,NA,NA,NA,NA
54e7ac2d5f772fd126f0ebd10c795f9419175693.xml,Albuquerque,USA,NA,NA,NA,NA,NA,NA,NA
54f26a4891bdf5aa6c74ee3251b0aaa041d09294.xml,Albuquerque,USA,Fairbanks,United States,Forest Soils Laboratory University of Alaska Fairbanks O'Neill Bldg,-148.3537914,-148.1426888,64.76810641,64.67834557
557edd069a2d11aa507d6fc38fafe9eb.xml,Corvallis,USA,NA,NA,NA,NA,NA,NA,NA
559727f78eea56d7de906583bf5eed8b9157c02a.xml,Fairbanks,USA,Fairbanks,United States,Department of Biology and Wildlife;  Institute of Arctic Biology:  University of Alaska Fairbanks 193 Arctic Health P.O. Box 757000,-148.31389,-148.31389,64.74167,64.74167
55a7c4219f7e30d4c299ae2f67972b63.xml,Fairbanks,USA,Fairbanks,United States,Forest Soils Laboratory University of Alaska Fairbanks O'Neill Bldg,-148.31389,-148.2549125,64.74167,64.69889576
55fed8ae84e84f0cdd1f6b287ab125ba.xml,NA,NA,NA,NA,NA,NA,NA,NA,NA
56b3e314bb163b54e0f64171decb05b3.xml,NA,NA,NA,NA,NA,NA,NA,NA,NA
56bf6764ee0c6a12f44a49356126e21f2c8ca544.xml,Albuquerque,USA,Corvallis,NA,Forest Ecosystems and Society Department in Forestry,NA,NA,NA,NA
5838657563844a6fae280c12b8312fe1.xml,Corvallis,NA,Corvallis,NA,Forest Ecosystems and Society Department in Forestry,-122.26172200,-122.10084700,44.28196400,44.19770400
58ff77d86d44aba17fa3b93a916829ca.xml,Corvallis,NA,Corvallis,NA,Forest Ecosystems and Society Department in Forestry,NA,NA,NA,NA
59086dfb027a6ac3493ce4f5dcf92ee36da93c44.xml,Albuquerque,USA,Corvallis,USA,USDA Forest Service;Pacific NW Research Station;3200 SW Jefferson Way,NA,NA,NA,NA
598b5f3e1a3e6aced0d62b4bead1c328.xml,Fairbanks,USA,Fairbanks,United States,Forest Soils Laboratory University of Alaska Fairbanks O'Neill Bldg,-148.3537914,-148.1426888,64.7666796,64.67834557
5a18602cdc57227bab66603d054c70d141ab574a.xml,Albuquerque,USA,Corvallis,NA,Forest Ecosystems and Society Department in Forestry,NA,NA,NA,NA
5b6b5caf0ba2e0cc02d7e0d35c2ac715.xml,NA,NA,NA,NA,NA,NA,NA,NA,NA
5b6f190cfbae36d03b4032e645093d1bf3ff9272.xml,Albuquerque,USA,NA,NA,NA,-72.19,-72.19,+42.53,+42.53
5b96db2ffc476d7cd53dc53918429ac0.xml,NA,NA,NA,NA,NA,NA,NA,NA,NA
5bd54c0ce595f24e3da1ff045ccb6ab9e762ac9e.xml,Albuquerque,USA,NA,NA,NA,-72.23,-72.16,+42.45,+42.55
5d75b4a32f8cfba00af568cc793250b9.xml,NA,NA,Albuquerque,NA,"Department of Biology, MSC03 2020, 1 University of New Mexico",NA,NA,NA,NA
5dac15a297ad6fb59f5e8b501791daf0.xml,Corvallis,NA,Corvallis,NA,Forest Ecosystems and Society Department in Forestry,NA,NA,NA,NA
5df423a441ac4c525a8c2ff67f104f7f6b879680.xml,Albuquerque,USA,Corvallis,NA,Forest Ecosystems and Society Department in Forestry,NA,NA,NA,NA
5e430127f1af3fdc33b2ae317c8f7264083598ad.xml,Albuquerque,USA,Fairbanks,United States,Forest Soils Laboratory University of Alaska Fairbanks O'Neill Bldg,-148.3537914,-148.1468545,64.7666796,64.67834557
5e58e49ed840ec21f5e69bfc42667642.xml,NA,NA,NA,NA,NA,NA,NA,NA,NA
5eb2b3584ae9ed47912f9c7604ed1b923836c14c.xml,Albuquerque,USA,Corvallis,NA,Forest Ecosystems and Society Department in Forestry,NA,NA,NA,NA
5f4089d0e87a223cb85e53ca8daf4ead65fd30b0.xml,Albuquerque,USA,Fairbanks,United States,Department of Biology and Wildlife;  Institute of Arctic Biology:  University of Alaska Fairbanks 193 Arctic Health P.O. Box 757000,-148.3537914,-148.1468545,64.7666796,64.67834557
5fc77c0439a4bfb5ce8d183feffc4bf414d8999c.xml,Albuquerque,USA,Corvallis,NA,Forest Ecosystems and Society Department in Forestry,NA,NA,NA,NA
614711b12c47960eb0f143f7e96e3246.xml,NA,NA,NA,NA,NA,NA,NA,NA,NA
61f46733a73ee3f6de9e01a38160dfd5.xml,Fairbanks,USA,Fairbanks,United States,Department of Biology and Wildlife;  Institute of Arctic Biology:  University of Alaska Fairbanks 193 Arctic Health P.O. Box 757000,-148.3537914,-148.1468545,64.76810641,64.67834557
630a06ee86de1828b77ec4fff12158de7956957c.xml,Albuquerque,USA,Corvallis,NA,Forest Ecosystems and Society Department in Forestry,NA,NA,NA,NA
64d6a08b3694c3ab3dd813c5b5fb346f.xml,Corvallis,NA,Corvallis,NA,Forest Ecosystems and Society Department in Forestry,NA,NA,NA,NA
656498bac22b6b714bcb4dc4df5f93c49f79e60a.xml,Albuquerque,USA,Fairbanks,United States,Forest Soils Laboratory University of Alaska Fairbanks O'Neill Bldg,-148.31389,-148.2549125,64.74167,64.69889576
658856fd5a48b5dee851c967047a1d11.xml,Petersham,USA,NA,NA,NA,NA,NA,NA,NA
6589df9c29bcdc6f864814f51478c389.xml,NA,NA,NA,NA,NA,NA,NA,NA,NA
65ae4dc0a0e59273253ff5b39fda163d.xml,Fairbanks,USA,Fairbanks,United States,Forest Soils Laboratory University of Alaska Fairbanks O'Neill Bldg,-148.31389,-148.2549125,64.74167,64.69889576
664811e4671c1dba8921865b4739c871.xml,NA,NA,NA,NA,NA,NA,NA,NA,NA
66d3cfd8542dced96141d57ed096eee3.xml,NA,NA,NA,NA,NA,NA,NA,NA,NA
6747da103925f06389e957c7b3d4cce4df6211df.xml,Albuquerque,USA,Corvallis,NA,Forest Ecosystems and Society Department in Forestry,NA,NA,NA,NA
687b2a4fcee4d9bb59087a2a0ce083db.xml,Petersham,USA,NA,NA,NA,NA,NA,NA,NA
69148fb58d01c33355fbc6fa2c1e4add.xml,Corvallis,NA,Corvallis,NA,Forest Ecosystems and Society Department in Forestry,NA,NA,NA,NA
6a3ae831a4263013d5c02661cdf52ef7.xml,NA,NA,NA,NA,NA,153.06,153.1,-27.61,-27.65
6a4363dd18c9f7754b320be9d3a845e5.xml,NA,NA,NA,NA,NA,NA,NA,NA,NA
6b13d4ade8e88ea87d582ba1200988d2.xml,Fairbanks,USA,Fairbanks,United States,Department of Biology and Wildlife;  Institute of Arctic Biology:  University of Alaska Fairbanks 193 Arctic Health P.O. Box 757000,-148.3537914,-148.1468545,64.7666796,64.67834557
6ba7d75b746e6893e6d50fce29e9463ecdac5bf2.xml,Albuquerque,USA,Corvallis,NA,Forest Ecosystems and Society Department in Forestry,-121.98988694,-121.98988694,43.76596138,43.76596138
6d99db4be09e3d6490141cbef414fd23e6e8b943.xml,Albuquerque,USA,Fairbanks,United States,Forest Soils Laboratory University of Alaska Fairbanks O'Neill Bldg,-148.31389,-148.2549125,64.74167,64.69889576
6daa06c792296faf2b911aced129d95b.xml,Corvallis,NA,Corvallis,NA,Forest Ecosystems and Society Department in Forestry,NA,NA,NA,NA
6db27400b5f70940ba21904d32144fea.xml,Redding,USA,NA,NA,NA,-72.22,-72.21,+42.48,+42.47
6e2a5c6c1579c4cbd5d8d1f48426d56e.xml,Corvallis,NA,Corvallis,NA,Forest Ecosystems and Society Department in Forestry,NA,NA,NA,NA
6f2ee96513e5e86787e1d34a432ae5b5.xml,Fairbanks,USA,Fairbanks,United States,Department of Biology and Wildlife;  Institute of Arctic Biology:  University of Alaska Fairbanks 193 Arctic Health P.O. Box 757000,-148.2701852,-148.1435205,64.73028888,64.68584608
6feb4674be8745fcc6de1791692a465069caf468.xml,Fairbanks,USA,Fairbanks,United States,Forest Soils Laboratory University of Alaska Fairbanks O'Neill Bldg,-148.3537914,-148.1468545,64.7666796,64.67834557
70777ab308814a1e779af0cac8b759be.xml,Redding,USA,NA,NA,NA,-72.393,-71.982,+42.541,+42.296
71f2e6738bf06ef6f4abad442a778b7f41604ef6.xml,Albuquerque,USA,Corvallis,NA,Forest Ecosystems and Society Department in Forestry,NA,NA,NA,NA
727e224bcf7d3101a55fa24e24b9016c.xml,NA,NA,NA,NA,NA,NA,NA,NA,NA
72e27a97625fdb2d4208ae6ce60df370.xml,Corvallis,NA,NA,NA,NA,NA,NA,NA,NA
72e41b336bc4fd6d5b2421bc85b12275b82436ab.xml,Petersham,USA,NA,NA,NA,-72.23,-72.16,+42.45,+42.55
733181d6476ecddd8df88bc1c37252f7.xml,NA,NA,NA,NA,NA,NA,NA,NA,NA
73f763588cf01a297eec690d3565fdfd9b4ac1da.xml,Albuquerque,USA,Corvallis,USA,Oregon State University;Dept. of Fisheries and Wildlife;104 Nash Hall,-122.26172200,-122.10084700,44.28196400,44.19770400
752c187bfd805e1dbbe1fd0dc6499a0b85943631.xml,Albuquerque,USA,Corvallis,NA,Forest Ecosystems and Society Department in Forestry,-122.26172200,-122.10084700,44.28196400,44.19770400
77a95a7378608f234025109a27d7c12d61cf041c.xml,Albuquerque,USA,Corvallis,NA,Forest Ecosystems and Society Department in Forestry,NA,NA,NA,NA
77ad713f74e6e8c1d6716df8c3f467148d8d1576.xml,Albuquerque,USA,Corvallis,NA,Forest Ecosystems and Society Department in Forestry,-122.25325300,-122.12087900,44.23456100,44.21167900
77e21feca53ee5339b31ea4ffb4e51f7e7722e1d.xml,Albuquerque,USA,NA,NA,NA,-72.19,-72.19,+42.53,+42.53
77f27211d54d7c66df09178f98677243.xml,Fairbanks,USA,Fairbanks,United States,Boreal Ecology Cooperative Research Unit University of Alaska Fairbanks  School of Agriculture and Land Resources Management P.O. Box 756780,NA,NA,NA,NA
77feeb2f255cdb1e8c1ce1c914cf2786164fc219.xml,Albuquerque,USA,Corvallis,NA,Forest Ecosystems and Society Department in Forestry,NA,NA,NA,NA
78a78380f765ba998402349456eea294.xml,Petersham,USA,NA,NA,NA,-72.23,-72.16,+42.45,+42.55
7a3e44dd5437b3a0cb986303b5089536a364fe87.xml,Fairbanks,USA,Corvallis,United States,8080 NW Ridgewood Drive,-148.32123,-148.2854,64.76594,64.69559
7a5b820864b3c83d21c930d8107726ed5bdb4480.xml,Albuquerque,USA,Corvallis,NA,Forest Ecosystems and Society Department in Forestry,-122.26172200,-122.10084700,44.28196400,44.19770400
7acc5d47e52bb8e437f0083be307e823.xml,NA,NA,NA,NA,NA,NA,NA,NA,NA
7adad8c00a79bff1d22b3d6e80edbd1d.xml,NA,NA,NA,NA,NA,NA,NA,NA,NA
7b96a308623a5b977d0a5c5f4f587759.xml,NA,NA,NA,NA,NA,NA,NA,NA,NA
7be2da499bc020360b34371db313d760446599c3.xml,Albuquerque,USA,Corvallis,NA,Forest Ecosystems and Society Department in Forestry,NA,NA,NA,NA
7d10d429bb75c3ae2d5d7d11da38b2f69797c8c4.xml,Albuquerque,USA,NA,NA,NA,-71.92306,-72.47918,+42.72851,+42.30162
7d915f539c789ccd581ec1d9275037e3.xml,Corvallis,NA,Corvallis,NA,Forest Ecosystems and Society Department in Forestry,NA,NA,NA,NA
7e3683ea73ae5ba666826607e758c9c7.xml,NA,NA,NA,NA,NA,NA,NA,NA,NA
7f604349b8e28b235043b045813011fb.xml,Corvallis,NA,Corvallis,NA,Forest Ecosystems and Society Department in Forestry,-122.26172200,-122.10084700,44.28196400,44.19770400
7feaa6d6c144395065370d8f67e60813.xml,Redding,USA,NA,NA,NA,-72.22,-72.21,+42.48,+42.47
80337aa31269372e583ddc1f50b10641.xml,Fairbanks,USA,Fairbanks,United States,Department of Biology and Wildlife;  Institute of Arctic Biology:  University of Alaska Fairbanks 193 Arctic Health P.O. Box 757000,-148.2701852,-148.1435205,64.73028888,64.68584608
8205a6127a8404cb51ac00753a032194646cd0a6.xml,Fairbanks,USA,Fairbanks,United States,Forest Soils Laboratory University of Alaska Fairbanks O'Neill Bldg,-148.3537914,-148.1426888,64.76810641,64.67834557
82473d27cff94544f63fd9f21bb2ca02.xml,Fairbanks,USA,Fairbanks,United States,Forest Soils Laboratory University of Alaska Fairbanks O'Neill Bldg,-148.3537914,-148.1426888,64.76810641,64.67834557
83ce8e94c7d5a5b6c135e770210aaeee80835afa.xml,Albuquerque,USA,Corvallis,United States,8080 NW Ridgewood Drive,-148.32123,-148.2854,64.76594,64.69559
83f4a75513f57200a578ead524117c8af1e7bf53.xml,Albuquerque,USA,NA,NA,NA,-71.92306,-72.47918,+42.72851,+42.30162
84c2dd8f901329cfe42804a5e7df9761def1e96d.xml,Albuquerque,USA,NA,NA,NA,NA,NA,NA,NA
8595c5403b8acaf99a56a48f8dc13bef479549bf.xml,Albuquerque,USA,Corvallis,NA,Forest Ecosystems and Society Department in Forestry,NA,NA,NA,NA
85a18bc9c9746b284243ca9a5954858df972c3e3.xml,Albuquerque,USA,Corvallis,NA,Forest Ecosystems and Society Department in Forestry,NA,NA,NA,NA
85a276ebc4d0a5490f436295b71dd352278d1ad3.xml,Albuquerque,USA,Corvallis,NA,Forest Ecosystems and Society Department in Forestry,-122.26172200,-122.26172200,44.28196400,44.28196400
85c110f2953c3d23c306a9bfa093a8ebf83c42b8.xml,Albuquerque,USA,Corvallis,NA,Forest Ecosystems and Society Department in Forestry,NA,NA,NA,NA
8600916ef370bdbef4202fe3b94ce1a48b56b87f.xml,Albuquerque,USA,Corvallis,NA,Forest Ecosystems and Society Department in Forestry,-122.25683100,-122.17079300,44.26974800,44.19901700
864ff262a0db82d24e14bf9c3a9d80fa68cd7526.xml,Albuquerque,USA,Corvallis,NA,Forest Ecosystems and Society Department in Forestry,NA,NA,NA,NA
87f5a2535801a06159f7b79b2803e9f43c5c1d08.xml,Albuquerque,USA,Fairbanks,United States,Forest Soils Laboratory University of Alaska Fairbanks O'Neill Bldg,-148.31389,-148.2549125,64.74167,64.69889576
88be7c07b324af43821a81010c8cc885.xml,NA,NA,Albuquerque,NA,"Department of Biology, MSC03 2020, 1 University of New Mexico",NA,NA,NA,NA
892cafff4905520a43eb6b7921d571b3f532cc56.xml,Fairbanks,USA,Brownsville,United States,"Department of Biological Sciences, University of Texas-Brownsville, One West University Blvd, LHSB 2.810",161.42408,161.42408,68.74316,68.74316
89fb398e8ca2d34382ee6acae23c6a2c.xml,NA,NA,NA,NA,NA,NA,NA,NA,NA
8ab0cd863bd147de8864ceeffe87c94b.xml,NA,NA,NA,NA,NA,NA,NA,NA,NA
8b43ef84c26110b1d33c9ab7601a506d8918832e.xml,Albuquerque,USA,Corvallis,NA,Forest Ecosystems and Society Department in Forestry,NA,NA,NA,NA
8b6fe50880fb2e96f3e18550cb1dfe7e031f4e88.xml,Albuquerque,USA,Corvallis,NA,Forest Ecosystems and Society Department in Forestry,-122.26172200,-122.10084700,44.28196400,44.19770400
8bccf12875d15472dbbca295166a0a490eb18d0d.xml,Albuquerque,USA,Fairbanks,United States,Forest Soils Laboratory University of Alaska Fairbanks O'Neill Bldg,-148.31389,-148.2549125,64.74167,64.69889576
8ced95f5cdcebe4839693680c3e928cf.xml,NA,NA,NA,NA,NA,NA,NA,NA,NA
8df36301ebd2016721e27f45fe080e2a.xml,NA,NA,NA,NA,NA,NA,NA,NA,NA
8e287ee117258872084b0170ac74fd1f7705d2a0.xml,Albuquerque,USA,Corvallis,NA,Forest Ecosystems and Society Department in Forestry,NA,NA,NA,NA
8e741bfb3fc41edf4713d51deccc5274c3fea408.xml,Albuquerque,USA,Corvallis,NA,Forest Ecosystems and Society Department in Forestry,-122.26172200,-122.26172200,44.28196400,44.28196400
8e8e6d4e9f4cce92bdb5f4ef9f1306337e978e69.xml,Albuquerque,USA,NA,NA,NA,-72.23,-72.16,+42.45,+42.55
8f71a9c0c42cb112154322e3ae1d655924ae04e1.xml,Albuquerque,USA,Corvallis,NA,Forest Ecosystems and Society Department in Forestry,-122.25800000,-122.11200000,44.27700000,44.20800000
906528b2ad4ddfc3dcc20efea3fa0c94.xml,Corvallis,NA,Corvallis,NA,Forest Ecosystems and Society Department in Forestry,-122.25683100,-122.17079300,44.26974800,44.19901700
9165d77a68318e044894cd04a9cb64ef.xml,NA,NA,NA,NA,NA,NA,NA,NA,NA
91edd3f67d609851ec92d73bdfb161b686f42b18.xml,Albuquerque,USA,NA,NA,NA,-148.2640747,-147.4913325,65.15393372,64.68195711
9288c7fef6dc2c37d38f44ed2e9550ad4f752fbd.xml,Albuquerque,USA,Corvallis,USA,Oregon State University;Dept. of Fisheries and Wildlife;Nash Hall 104,NA,NA,NA,NA
94a1113b0657fa94747d8686b93465c5.xml,NA,NA,NA,NA,NA,NA,NA,NA,NA
94af81ed9a0533c8cdef8d55e2e788a1f4d38a93.xml,Fairbanks,USA,Fairbanks,United States,Forest Soils Laboratory; Department of Forest Sciences; SNRAS; University of Alaska Fairbanks,-148.3790685,-147.470667,65.1752259,64.6719571
953b74fb3176a38927287623810e9c5972805f0b.xml,Albuquerque,USA,NA,NA,NA,-122.25591200,-122.25850600,44.20695800,44.20596900
9565d95a7f7f43bc43f1b3605518a73927f8b155.xml,Albuquerque,USA,Corvallis,NA,Forest Ecosystems and Society Department in Forestry,NA,NA,NA,NA
95afea76b49f248d3d5e516c85d8551d1826a692.xml,Albuquerque,USA,Corvallis,NA,Forest Ecosystems and Society Department in Forestry,NA,NA,NA,NA
96328052c4139e9a8fed4c15b311dacf.xml,Fairbanks,USA,Fairbanks,United States,Institute of Arctic Biology  University of Alaska Fairbanks P.O. Box 757000,-149.06571,-143.22145,64.41417,63.01548
9695f539b0a7ed12f3e06df1a5c6b51d.xml,Corvallis,NA,Corvallis,NA,Forest Ecosystems and Society Department in Forestry,NA,NA,NA,NA
96cb7605cf45de6dc542f86c4ea2999936eba258.xml,Albuquerque,USA,Corvallis,NA,Forest Ecosystems and Society Department in Forestry,NA,NA,NA,NA
9822ef1ff86ec3641ebf186b258975c87c3509db.xml,Corvallis,NA,NA,NA,NA,NA,NA,NA,NA
98337147b3e785cd141cbc6e0c6c4e14.xml,Corvallis,NA,Corvallis,NA,Forest Ecosystems and Society Department in Forestry,0.00000000,0.00000000,0.00000000,0.00000000
98c506b57ab73076f2470819c6ef57e2.xml,Santa Barbara,United States,Santa Barbara,United States,Santa Barbara Coastal LTER,NA,NA,NA,NA
9929675af6e36a8173fba9735e397f64e14638b6.xml,Fairbanks,USA,Fairbanks,United States,Forest Soils Laboratory University of Alaska Fairbanks O'Neill Bldg,-148.31389,-148.2549125,64.74167,64.69889576
9a4289e2c76d265709fe3bf2e03ab56c.xml,Amherst,USA,NA,NA,NA,-71.92306,-72.47918,+42.72851,+42.30162
9a93ede32f31838e723252262604b45d.xml,Fairbanks,USA,Fairbanks,United States,Forest Soils Laboratory University of Alaska Fairbanks O'Neill Bldg,-148.2482407,-148.2482407,64.69779026,64.69779026
9ab24be35a8ed61289e1c333110f81ae00cc8be2.xml,Fairbanks,USA,Fairbanks,United States,Forest Soils Laboratory University of Alaska Fairbanks O'Neill Bldg,-148.31389,-148.2549125,64.74167,64.69889576
9ac58f4bcf0645577a6e7063ab6e9bc4.xml,Corvallis,NA,Corvallis,NA,Forest Ecosystems and Society Department in Forestry,NA,NA,NA,NA
9b7f0fd0622398e030415433e634574fccc1866c.xml,Albuquerque,USA,Fairbanks,United States,Institute of Arctic Biology  University of Alaska Fairbanks P.O. Box 757000,-149.06571,-143.22145,64.41417,63.01548
9c67d87a0c95f66bc554192af5540058f498887f.xml,Albuquerque,USA,Corvallis,NA,Forest Ecosystems and Society Department in Forestry,NA,NA,NA,NA
9d16828d4b35790256feb34d5c48bfb4d174417c.xml,Albuquerque,USA,NA,NA,NA,NA,NA,NA,NA
9d6fb87e6c8b3983dfa470a82099d765.xml,Petersham,USA,NA,NA,NA,NA,NA,NA,NA
9e2c41478911c83f876fba15fda3867b7d36d25a.xml,Albuquerque,USA,Corvallis,NA,Forest Ecosystems and Society Department in Forestry,NA,NA,NA,NA
9e33e4e2e56f8ca71cfa93b063b154a0ccf3247f.xml,Albuquerque,USA,Corvallis,NA,Forest Ecosystems and Society Department in Forestry,NA,NA,NA,NA
9e9bd546d8a2e15e23b5cb54cc8e3dd249257e97.xml,Fairbanks,USA,Fairbanks,United States,Department of Forest Sciences University of Alaska Fairbanks O'Neill Bldg,-147.4745274,-147.470667,65.16908333,65.16769474
9ec4a4d4dc28e37522001bf1739f4427.xml,Corvallis,NA,Corvallis,NA,Forest Ecosystems and Society Department in Forestry,NA,NA,NA,NA
9f24e1ee768b16cf05f0d9a92991dc6141c0922b.xml,Albuquerque,USA,Corvallis,NA,Forest Ecosystems and Society Department in Forestry,NA,NA,NA,NA
a0636c536b03a67032fe866c93ca3ddb.xml,NA,NA,NA,NA,NA,NA,NA,NA,NA
a109a14e6e749d4c393ff40541f682cc.xml,NA,NA,NA,NA,NA,NA,NA,NA,NA
a12099f7161cd961e073939ff99b12f91dcc0887.xml,Albuquerque,USA,Corvallis,NA,Forest Ecosystems and Society Department in Forestry,-122.26172200,-122.10084700,44.28196400,44.19770400
a13d0b4d298d45eb21a1551b04a68c05a6a84d0b.xml,Albuquerque,USA,Corvallis,NA,Forest Ecosystems and Society Department in Forestry,NA,NA,NA,NA
a2b564799715944cf583926beb45432b.xml,NA,NA,NA,NA,NA,NA,NA,NA,NA
a2f264e38d9f5d2f7760cf280a540348.xml,Fairbanks,USA,Fairbanks,United States,Department of Biology and Wildlife;  Institute of Arctic Biology:  University of Alaska Fairbanks 193 Arctic Health P.O. Box 757000,-148.2701852,-148.1435205,64.73028888,64.68584608
a35f6d3176b245267c5ec6364f7ee0d4.xml,Corvallis,NA,Corvallis,NA,Forest Ecosystems and Society Department in Forestry,-122.26172200,-122.10084700,44.28196400,44.19770400
a51ae9e4c7aba81fc0275280c8c4c81a5435dddc.xml,Albuquerque,USA,Corvallis,NA,Forest Ecosystems and Society Department in Forestry,-122.26172200,-122.10084700,44.28196400,44.19770400
a65a348dfeb69575e38f8b89decfd04121af74cd.xml,Albuquerque,USA,Corvallis,NA,Forest Ecosystems and Society Department in Forestry,NA,NA,NA,NA
a67adef911dc87787540a9c50329bc337a3e044b.xml,Albuquerque,USA,Corvallis,NA,Forest Ecosystems and Society Department in Forestry,-122.26172200,-122.10084700,44.28196400,44.19770400
a6afa1bb933ae353e90c5c9391378bfe.xml,Corvallis,NA,Corvallis,USA,USDA Forest Service;Pacific NW Research Station;3200 SW Jefferson Way,NA,NA,NA,NA
a6d584518e85e7d17d51cab0b48049973294b242.xml,Albuquerque,USA,Fairbanks,United States,Institute of Arctic Biology  University of Alaska Fairbanks P.O. Box 757000,-148.1734,-148.17303,64.41417,64.41366
a778bfc218972a856536b017c808e68afd74b4bd.xml,Albuquerque,USA,NA,NA,NA,-71.92306,-72.47918,+42.72851,+42.30162
a81565a9606faa728c603ea9f9435265.xml,Corvallis,NA,Corvallis,USA,USDA Forest Service;Pacific NW Research Station;3200 SW Jefferson Way,NA,NA,NA,NA
a856d1266c94a95b3983a8500698b384f4c0983a.xml,Fairbanks,USA,Fairbanks,United States,"Department of Biology and Wildlife, University of Alaska Fairbanks, Murie Building",-148.2682,-148.2964,64.7088,64.6991
aad7c1563038c1723e0075b5d1bcb3bd6fcb2e8d.xml,Albuquerque,USA,Corvallis,NA,Forest Ecosystems and Society Department in Forestry,NA,NA,NA,NA
aafc5ef64df29567944e37a1335abed471e06190.xml,Albuquerque,USA,Corvallis,NA,Forest Ecosystems and Society Department in Forestry,-122.25714600,-122.12699600,44.28226000,44.20127400
ab3d5cfba133caef1841dc7f4fe87120.xml,Fairbanks,USA,Fairbanks,United States,Department of Biology and Wildlife;  Institute of Arctic Biology:  University of Alaska Fairbanks 193 Arctic Health P.O. Box 757000,-148.3537914,-148.1468545,64.76810641,64.67834557
abe838bdbf4c2a04319e981be1a92355.xml,NA,NA,NA,NA,NA,NA,NA,NA,NA
acbcdeb2629f0497f45a2d4b60f92527.xml,Corvallis,NA,Corvallis,NA,Forest Ecosystems and Society Department in Forestry,NA,NA,NA,NA
adac9791ba75500603a2c6832784fa3e.xml,Corvallis,NA,Corvallis,NA,Forest Ecosystems and Society Department in Forestry,-122.26172200,-122.10084700,44.28196400,44.19770400
ade526f9d130946a4f298fab00c45e6b.xml,NA,NA,NA,NA,NA,NA,NA,NA,NA
ae300d404bf486c4c1c2b86589d63749.xml,Corvallis,USA,Corvallis,USA,Oregon State University;Dept. of Fisheries and Wildlife;Nash Hall 104,NA,NA,NA,NA
ae5691f3fb2eb82b7cddb15c7bffaa8fa843bbdb.xml,Albuquerque,USA,Corvallis,USA,309 FSL; Oregon State University; 3200 SW Jefferson Way,-122.26194800,-122.10051700,44.28148300,44.19751400
ae91b10d8b6823faf95955574b1ad2dbee2dff89.xml,Fairbanks,USA,Fairbanks,United States,Institute of Arctic Biology  University of Alaska Fairbanks P.O. Box 757000,-148.2640747,-148.1426888,64.7241989,64.68195711
af42d071a740344eccea43a6b5d21580.xml,NA,NA,NA,NA,NA,28.0000,30.0000,3.0000,1.0000
b06a277d22391d36a032f01ca449689f3aceff3f.xml,Albuquerque,USA,NA,NA,NA,NA,NA,NA,NA
b0d37caba23bfe069e97882ff67f8be93dd8c55d.xml,Albuquerque,USA,Corvallis,NA,Forest Ecosystems and Society Department in Forestry,-122.16815000,-122.16381000,44.22146666,44.21566200
b244125f429369f79086cb8049210b5b5a5ba6c2.xml,Albuquerque,USA,Corvallis,USA,USDA Forest Service;Pacific NW Research Station;3200 SW Jefferson Way,NA,NA,NA,NA
b360ce42fa376ed9ae358722afd7b41e.xml,Corvallis,NA,Corvallis,NA,Forest Ecosystems and Society Department in Forestry,NA,NA,NA,NA
b3b1a37933f718122705296c803a2477e4f02ceb.xml,Corvallis,NA,Corvallis,NA,Forest Ecosystems and Society Department in Forestry,-122.26077333,-122.12174888,44.27447074,44.20664191
b4d8daf175a1411aa8f84c9a47a9c2b0e786278b.xml,Albuquerque,USA,NA,NA,NA,NA,NA,NA,NA
b51a564692faedc0727777757779e6dfa1494151.xml,Albuquerque,USA,NA,NA,NA,-72.23,-72.16,+42.45,+42.55
b571a4ed730d48b5ad61f64fd1bf31ed.xml,NA,NA,NA,NA,NA,NA,NA,NA,NA
b64af97f4e797f003d623d071f3851ac.xml,Petersham,USA,NA,NA,NA,-72.23,-72.16,+42.45,+42.55
b699c42db5ba5a3e0ad18f6435578a4d.xml,Bangkok,Thailand,NA,NA,NA,99.2169,99.2169,15.6322,15.6322
b6bf8e77a856be501868561d3cffc700ea2d7419.xml,Albuquerque,USA,Corvallis,NA,Forest Ecosystems and Society Department in Forestry,NA,NA,NA,NA
b70c480f5c92b154185ccff28a58013e.xml,NA,NA,NA,NA,NA,NA,NA,NA,NA
b782d5cf9bfd34074bef686cfc84722d.xml,Albuquerque,NA,Albuquerque,NA,"Department of Biology, MSC03 2020, 1 University of New Mexico",NA,NA,NA,NA
b7cbb43c8a4553a351957c423b1a46ba.xml,Albuquerque,NA,Albuquerque,NA,"Department of Biology, MSC03 2020, 1 University of New Mexico",NA,NA,NA,NA
b875ea27c35258848fc46887a21e28d9.xml,Fairbanks,USA,Fairbanks,United States,Forest Soils Laboratory University of Alaska Fairbanks O'Neill Bldg,-148.3537914,-148.1426888,64.76810641,64.67834557
b89f2b06a6b094b2b099dc484e6772ddda2eb1e4.xml,Albuquerque,USA,Corvallis,NA,Forest Ecosystems and Society Department in Forestry,-122.24405300,-122.11766100,44.27792800,44.20821400
b8aaccad91474a83f112ff3b7cc3b378.xml,Corvallis,NA,Corvallis,NA,Forest Ecosystems and Society Department in Forestry,NA,NA,NA,NA
b8d99dfa615cbd4e0bbf5dbb8385be10.xml,Redding,USA,NA,NA,NA,-72.393,-71.982,+42.541,+42.296
b92158cc818fa747a2eef875dcd2f4ae.xml,Fairbanks,USA,NA,NA,NA,-148.3790685,-148.1426888,64.7666796,64.6719571
b995463f454b77f421c8007375b39c63.xml,Corvallis,NA,Corvallis,NA,Forest Ecosystems and Society Department in Forestry,NA,NA,NA,NA
bb18236c90004b4f3df8f287a34ebbf169f6a028.xml,Albuquerque,USA,Corvallis,USA,Oregon State University;Rangeland resources;110 Strand,-122.25899490,-122.10399665,44.27799543,44.19899547
bb6f38d958fbd78c164e25505315b30ce65f4cf1.xml,Fairbanks,USA,Brownsville,United States,"Department of Biological Sciences, University of Texas-Brownsville, One West University Blvd, LHSB 2.810",161.42408,161.42408,68.74316,68.74316
bd62c55874078834f19017e03996cf1b.xml,Fairbanks,USA,Fairbanks,United States,Department of Biology and Wildlife;  Institute of Arctic Biology:  University of Alaska Fairbanks 193 Arctic Health P.O. Box 757000,-148.3537914,-148.1468545,64.76810641,64.67834557
be062689275043e69ee7461f1e3ac2b6.xml,Petersham,USA,NA,NA,NA,-72.23,-72.16,+42.45,+42.55
be866022e6952a49215c62d78a33ecd28eac07f9.xml,Fairbanks,USA,Fairbanks,United States,Forest Soils Laboratory University of Alaska Fairbanks O'Neill Bldg,-148.3537914,-148.1426888,64.76810641,64.67834557
bf45c2538f85ba827d5b368f7cbd079f.xml,Corvallis,NA,Corvallis,NA,Forest Ecosystems and Society Department in Forestry,NA,NA,NA,NA
bf8e04e1da2a650a1f40773ac82ae970.xml,Corvallis,NA,Corvallis,NA,Forest Ecosystems and Society Department in Forestry,NA,NA,NA,NA
c0c8421ec58ada0fad605344406361fe472e6881.xml,Corvallis,NA,Corvallis,NA,Forest Ecosystems and Society Department in Forestry,NA,NA,NA,NA
c0f76ae143f47105b99eaa4766075063.xml,Corvallis,NA,Corvallis,NA,Forest Ecosystems and Society Department in Forestry,-122.26172200,-122.26172200,44.28196400,44.28196400
c103cb594879438859edd4523f7308fa1c4edb92.xml,Fairbanks,USA,Brownsville,United States,"Department of Biological Sciences, University of Texas-Brownsville, One West University Blvd, LHSB 2.810",161.44672,161.49712,68.7431,68.75601
c2551f17365b8865a2929939112dfbcb.xml,NA,NA,NA,NA,NA,NA,NA,NA,NA
c29692b471cd7339942dbebf3b9deac0.xml,Corvallis,NA,Corvallis,USA,104 Wilkinson Hall;; Department of Geosciences;; Oregon State University;,NA,NA,NA,NA
c2ba8337c5982e65ec74da07e68400e6.xml,Corvallis,NA,Corvallis,NA,Forest Ecosystems and Society Department in Forestry,NA,NA,NA,NA
c3914d1be99e9ad2fc5059a0df3b2779.xml,Corvallis,NA,Corvallis,NA,Forest Ecosystems and Society Department in Forestry,NA,NA,NA,NA
c3c5408d1f3927baa757f59daa21f719.xml,NA,NA,Albuquerque,NA,"Department of Biology, MSC03 2020, 1 University of New Mexico",NA,NA,NA,NA
c3f1166cac56d614810ec56ee350378e.xml,NA,NA,NA,NA,NA,NA,NA,NA,NA
c4fe68f6dd5bdd761411aa7458148974.xml,Corvallis,NA,Corvallis,NA,Forest Ecosystems and Society Department in Forestry,-122.26172200,-122.10084700,44.28196400,44.19770400
c59ebda07d8cf232d0a52251edfb0026ba8320de.xml,Fairbanks,USA,NA,NA,NA,-148.3790685,-148.1426888,64.7666796,64.6719571
c5dc3c1d3e621abee0b7247c016b5b3acd3f98ba.xml,Petersham,USA,NA,NA,NA,-72.23,-72.16,+42.45,+42.55
c5f2cc06ff2c392c56fcbc222e140ff85609b40f.xml,Albuquerque,USA,NA,NA,NA,-148.2640747,-147.4913325,65.15393372,64.68195711
c6671b3a99fabbef728369de1f4de3fd.xml,NA,NA,NA,NA,NA,NA,NA,NA,NA
c78dd92e64e4c61a6d79948b16eda3b7.xml,Redding,USA,NA,NA,NA,-72.393,-71.982,+42.541,+42.296
c7fe5c4375d2979d854c81930087740f.xml,Corvallis,USA,Corvallis,USA,Oregon State University;Dept. of Fisheries and Wildlife;Nash Hall 104,NA,NA,NA,NA
c89c6e4edf07e2965e23690a2bc1236e.xml,Fairbanks,USA,Fairbanks,United States,Forest Soils Laboratory University of Alaska Fairbanks O'Neill Bldg,-148.3537914,-148.1426888,64.7666796,64.67834557
c9048b8ade53fb275564cda6f98c7246373958c5.xml,Albuquerque,USA,Corvallis,NA,Forest Ecosystems and Society Department in Forestry,NA,NA,NA,NA
cafefd1a5db74e49a4ba1ae9c3539274.xml,Corvallis,NA,Corvallis,USA,USDA Forest Service;Pacific Northwest Research Station;3200 SW Jefferson Way,-122.26172200,-122.10084700,44.28196400,44.19770400
cba6ce8301bf2354c7ff39fcfb495ce857ec93ac.xml,Albuquerque,USA,Fairbanks,United States,Department of Biology and Wildlife;  Institute of Arctic Biology:  University of Alaska Fairbanks 193 Arctic Health P.O. Box 757000,-148.3537914,-148.1468545,64.7666796,64.67834557
cc84a6f03190952bdb3990021067d87b8821c3ef.xml,Albuquerque,USA,NA,NA,NA,-72.19,-72.19,+42.53,+42.53
cd4bb2965977e18e10aa39438b20ddb6.xml,Corvallis,NA,Corvallis,NA,Forest Ecosystems and Society Department in Forestry,NA,NA,NA,NA
cdabd456f0e662413324644bd0791f29a0a6ac6a.xml,Fairbanks,USA,Brownsville,United States,"Department of Biological Sciences, University of Texas-Brownsville, One West University Blvd, LHSB 2.810",161.42408,161.42408,68.74316,68.74316
cdb2a6e50d5196c7626afae5a4d13d4c950d2f37.xml,Corvallis,NA,Corvallis,NA,Forest Ecosystems and Society Department in Forestry,NA,NA,NA,NA
ce03959c952db75c106396bba1862387.xml,Corvallis,NA,Corvallis,NA,Forest Ecosystems and Society Department in Forestry,-122.16815000,-122.16381000,44.22146666,44.21566200
ce3ac470b65cf022a89cabd1778a52140960301e.xml,Albuquerque,USA,Corvallis,NA,Forest Ecosystems and Society Department in Forestry,NA,NA,NA,NA
cf23226bf3d9f6b445485a25c9024b77.xml,NA,NA,NA,NA,NA,NA,NA,NA,NA
d000a51cb3d1cbaea19cf65777c68b08ef522460.xml,Fairbanks,USA,NA,NA,NA,-148.2640747,-147.4913325,65.15393372,64.68195711
d238b05947d76b6ad35ea2afb3c887b46f232abf.xml,Albuquerque,USA,Corvallis,NA,Forest Ecosystems and Society Department in Forestry,NA,NA,NA,NA
d243e61accead1aba98c6040f0533058.xml,Corvallis,NA,Corvallis,NA,Forest Ecosystems and Society Department in Forestry,NA,NA,NA,NA
d2999f74cedef901d063a4fc9a3e4cadf61caa20.xml,Albuquerque,USA,Corvallis,US,"USDA Forest Service, Pacific Northwest Research Station, 3200 Jefferson Way",NA,NA,NA,NA
d2b3a4743b22416f191eb66227949bad.xml,Corvallis,NA,Corvallis,USA,309 FSL; Oregon State University; 3200 SW Jefferson Way,-122.26194800,-122.10051700,44.28148300,44.19751400
d2d1e05cdea0f8257378b3b98f3ee202.xml,Corvallis,NA,Corvallis,NA,Forest Ecosystems and Society Department in Forestry,-122.26172200,-122.26172200,44.28196400,44.28196400
d2ee365fe7e79c9df262283dbb59d48c.xml,Fairbanks,USA,Fairbanks,United States,Forest Soils Laboratory University of Alaska Fairbanks O'Neill Bldg,-148.31389,-148.2549125,64.74167,64.69889576
d30959ed9816b2a4fe5594f2a8c9b40947e4b932.xml,Fairbanks,USA,Fairbanks,United States,Institute of Arctic Biology  University of Alaska Fairbanks P.O. Box 757000,-148.2640747,-148.1426888,64.7241989,64.68195711
d4af4ab7c28d6822a1169042d0ba769ce763407e.xml,Albuquerque,USA,Corvallis,NA,Forest Ecosystems and Society Department in Forestry,NA,NA,NA,NA
d51376a749bdbc9b5e4429fe7fdf9e2a40e1df46.xml,Fairbanks,USA,Fairbanks,United States,Institute of Arctic Biology  University of Alaska Fairbanks P.O. Box 757000,-148.1734,-148.17303,64.41417,64.41366
d62a51ce6e9ee078cc672a673cc40201.xml,Corvallis,NA,Corvallis,USA,Oregon State University;Dept. of Fisheries and Wildlife;104 Nash Hall,-122.26172200,-122.10084700,44.28196400,44.19770400
d633fd42f86269c7ee556aa7059a5c86c6165722.xml,Petersham,USA,NA,NA,NA,-72.19,-72.19,+42.53,+42.53
d6db4c99282fa6c27bf696b045a727cc.xml,Fairbanks,USA,Fairbanks,United States,Forest Soils Laboratory University of Alaska Fairbanks O'Neill Bldg,-148.31389,-148.2549125,64.74167,64.69889576
d7187db2a85ea0581f0d533f7fe2c76026888f62.xml,Albuquerque,USA,Corvallis,NA,Forest Ecosystems and Society Department in Forestry,NA,NA,NA,NA
d72264dc1211a6153502fa582c2dfa42be14b84c.xml,Albuquerque,USA,Corvallis,NA,Forest Ecosystems and Society Department in Forestry,NA,NA,NA,NA
d917eb93e6dcb20723ed09ea3ea0066f1e83cf31.xml,Fairbanks,USA,Fairbanks,United States,Institute of Arctic Biology  University of Alaska Fairbanks P.O. Box 757000,-148.3537914,-148.1468545,64.7666796,64.67834557
d9f7aa990cc80ef9cd358fbd99158f2090ada169.xml,Albuquerque,USA,Corvallis,USA,Oregon State University;Dept. of Forest Science;321 Richardson Hall,-12.25879300,-122.09952700,44.28226000,44.20127400
daebab849cac750f839b1a49d7f68f19.xml,NA,NA,NA,NA,NA,NA,NA,NA,NA
dafd9370a3bef474b39e6e6660c93ae7.xml,Corvallis,NA,NA,NA,NA,NA,NA,NA,NA
db9e1b935486f3e7d9b28edced71fcf0.xml,Corvallis,NA,Corvallis,NA,Forest Ecosystems and Society Department in Forestry,NA,NA,NA,NA
dbe079bb33ebc8af4248347b8220c39c.xml,Fairbanks,USA,Fairbanks,United States,Department of Biology and Wildlife;  Institute of Arctic Biology:  University of Alaska Fairbanks 193 Arctic Health P.O. Box 757000,-148.3537914,-148.1468545,64.7666796,64.67834557
dbe9ff57a4809d71319d6d8d6a2ecfdf2984b242.xml,Albuquerque,USA,Fairbanks,United States,Forest Soils Laboratory University of Alaska Fairbanks O'Neill Bldg,-148.31389,-148.2549125,64.74167,64.69889576
dc3d0cb31dacb33a1ed77cd3c202b843.xml,NA,NA,Albuquerque,NA,"Department of Biology, MSC03 2020, 1 University of New Mexico",NA,NA,NA,NA
dc5dda91770732a1409e313b1388ff66.xml,Corvallis,NA,Corvallis,NA,Forest Ecosystems and Society Department in Forestry,-122.34493256,-122.00000000,44.39608383,44.00000000
dcb2edab89f3eb9b2464dc1eabed2c06.xml,NA,NA,NA,NA,NA,NA,NA,NA,NA
dd8b400ceaa9feb6cfe68ee05dee304327dab55e.xml,Albuquerque,USA,NA,NA,NA,-72.22,-72.21,+42.48,+42.47
ddcd029e3476825b9b0c3dad5b93459fa06b0111.xml,Albuquerque,USA,Corvallis,NA,Forest Ecosystems and Society Department in Forestry,NA,NA,NA,NA
de35cd7cea0df27afb8c94e1994b6f8a.xml,NA,NA,NA,NA,NA,NA,NA,NA,NA
de3784fdb78695afefdb01d5dc05aab5.xml,Corvallis,NA,Corvallis,NA,Forest Ecosystems and Society Department in Forestry,NA,NA,NA,NA
de59d7b73327b2ec98ffdc3247e000d9.xml,Corvallis,NA,Corvallis,NA,Forest Ecosystems and Society Department in Forestry,NA,NA,NA,NA
df0a48b55e31aa902b843d2d39f30223.xml,NA,NA,NA,NA,NA,NA,NA,NA,NA
df13947bd6b5a6af81a5aa4b7c38d783e3844a42.xml,Albuquerque,USA,Corvallis,NA,Forest Ecosystems and Society Department in Forestry,-122.18311400,-122.17520100,44.26886300,44.26197954
df87bf22fdb0a894ef3f1d738d9ed04a3fe5c74f.xml,Albuquerque,USA,Fairbanks,United States,Forest Soils Laboratory University of Alaska Fairbanks O'Neill Bldg,-148.3537914,-148.1426888,64.76810641,64.67834557
e16adc0981480a5c62b9c22c60a645d1.xml,NA,NA,NA,NA,NA,NA,NA,NA,NA
e20bda840b6ef200e91304d8b1ea72c1.xml,Corvallis,NA,Corvallis,NA,Forest Ecosystems and Society Department in Forestry,NA,NA,NA,NA
e227965f8d8226da92d1c816a5afa3c3.xml,Petersham,USA,NA,NA,NA,NA,NA,NA,NA
e25e776a122be65d3066779c82eb67eb942b1b6c.xml,Albuquerque,USA,Corvallis,USA,USDA Forest Service;Pacific NW Research Station;3200 SW Jefferson Way,NA,NA,NA,NA
e2a27f0fe6bec2a4983d2fa366bb27ec88c677a6.xml,Corvallis,NA,Corvallis,NA,Forest Ecosystems and Society Department in Forestry,-122.26172200,-122.10084700,44.28196400,44.19770400
e2ddfdf1f777164dd7d38d2049e5a988.xml,Corvallis,NA,Corvallis,NA,Forest Ecosystems and Society Department in Forestry,NA,NA,NA,NA
e30e8a46974cac985315393b0785ba99bf922055.xml,Fairbanks,USA,Fairbanks,United States,Forest Soils Laboratory; Department of Forest Sciences; SNRAS; University of Alaska Fairbanks,-148.3790685,-148.1435205,64.7666796,64.6719571
e3361064d4810a7d05fe14c91bc1cb023c5344a9.xml,Albuquerque,USA,Fairbanks,United States,Forest Soils Laboratory University of Alaska Fairbanks O'Neill Bldg,-148.31389,-148.2549125,64.74167,64.69889576
e371f753dab13980304d05d20cf7594d.xml,Fairbanks,USA,Fairbanks,United States,Forest Soils Laboratory University of Alaska Fairbanks O'Neill Bldg,-148.31389,-148.2549125,64.74167,64.69889576
e37c4b1a359526711153476c304c7628304b7514.xml,Albuquerque,USA,Fairbanks,United States,Forest Soils Laboratory University of Alaska Fairbanks O'Neill Bldg,-148.2482407,-148.2482407,64.69779026,64.69779026
e38c9e600e7d6dc8f6d1dc60d00f1507206b8424.xml,Albuquerque,USA,Fairbanks,United States,Forest Soils Laboratory University of Alaska Fairbanks O'Neill Bldg,-148.31389,-148.2549125,64.74167,64.69889576
e3f4ccceae0f6a1fc06b667ab8222cfd.xml,Corvallis,NA,Corvallis,NA,Forest Ecosystems and Society Department in Forestry,NA,NA,NA,NA
e5f60f4d1399c28e3142add83db84ac29a2e715c.xml,Albuquerque,USA,Fairbanks,United States,Forest Soils Laboratory University of Alaska Fairbanks O'Neill Bldg,-148.3537914,-148.1426888,64.7666796,64.67834557
e6265705210f9ec8ac2671719b53aa60.xml,Redding,USA,NA,NA,NA,-72.22,-72.21,+42.48,+42.47
e6f279b60c5f8f4dc92274595d54abc31b49c98d.xml,Albuquerque,USA,NA,NA,NA,NA,NA,NA,NA
e6fbf68f7b1ccdaa700047e48f2e8436.xml,NA,NA,NA,NA,NA,NA,NA,NA,NA
e84fd8483d4f455abaeca607792497ac.xml,NA,NA,NA,NA,NA,NA,NA,NA,NA
e856f696eb2eeed23b36cb1d6319d906d6f8d5d3.xml,Fairbanks,USA,Fairbanks,United States,"Department of Biology and Wildlife, University of Alaska Fairbanks, Murie Building",-148.2682,-148.2964,64.7088,64.6991
e8bfb8810a91dd04fb5f681fe8993d51f431c83b.xml,Albuquerque,USA,Corvallis,USA,"Oregon State University, Oregon Cooperative Fish & Wildlife Research Unit, 104 Nash Hall",NA,NA,NA,NA
e91c679b7d8fb6532baa6bf5f2130432.xml,Petersham,USA,NA,NA,NA,-72.23,-72.16,+42.45,+42.55
e9a70590aa6372c70cadf9e9881b15ac.xml,NA,NA,NA,NA,NA,NA,NA,NA,NA
e9b737f3ae9e40c43e1b121d8abedaa7.xml,Corvallis,NA,Corvallis,NA,Forest Ecosystems and Society Department in Forestry,NA,NA,NA,NA
e9f8fea47339fd7c9d81a128d94bcf0b0e3f1d24.xml,Albuquerque,USA,Corvallis,NA,Forest Ecosystems and Society Department in Forestry,NA,NA,NA,NA
ea3c91ec35b467197a75bf0dae7d65f690e89b53.xml,Fairbanks,USA,Fairbanks,United States,Department of Biology and Wildlife;  Institute of Arctic Biology:  University of Alaska Fairbanks 193 Arctic Health P.O. Box 757000,-148.3537914,-148.1468545,64.76810641,64.67834557
ea43fd2ce5f58539a03e03f447788136749f8410.xml,Corvallis,NA,Corvallis,NA,Forest Ecosystems and Society Department in Forestry,-122.16815000,-122.16381000,44.22146666,44.21566200
eb1c58d7c2b69065210d4b30c727a3b4.xml,NA,NA,NA,NA,NA,NA,NA,NA,NA
eb95001aee9e5843388e804e741e8f79.xml,Fairbanks,USA,Fairbanks,United States,Forest Soils Laboratory University of Alaska Fairbanks O'Neill Bldg,-148.3537914,-148.1468545,64.7666796,64.67834557
ec497289217a1d077a0ab89b648a962a.xml,Fairbanks,USA,Fairbanks,United States,Department of Biology and Wildlife;  Institute of Arctic Biology:  University of Alaska Fairbanks 193 Arctic Health P.O. Box 757000,-148.3537914,-148.1468545,64.76810641,64.67834557
edc6d1013a37a51ef5fdcc2094944a70.xml,Corvallis,NA,Corvallis,USA,Oregon State University;Dept. of Fisheries and Wildlife;104 Nash Hall,NA,NA,NA,NA
ef0874015bd8c2b2e9255d435ea43090.xml,NA,NA,NA,NA,NA,NA,NA,NA,NA
ef0ca1de447a6f362b5552f77a16460d38867840.xml,Fairbanks,USA,Fairbanks,United States,Forest Soils Laboratory University of Alaska Fairbanks O'Neill Bldg,-148.3537914,-148.1426888,64.7666796,64.67834557
f047f5280d343969f5ff2b44b50d22e46cd557dc.xml,Albuquerque,USA,Corvallis,NA,Forest Ecosystems and Society Department in Forestry,-122.26172200,-122.10084700,44.28196400,44.19770400
f0524a9fe5e294015fe1c460c41ed52577726e2c.xml,Albuquerque,USA,Corvallis,NA,Forest Ecosystems and Society Department in Forestry,NA,NA,NA,NA
f106fa8f49b37accf716ac9845f146ba3940677d.xml,Petersham,USA,NA,NA,NA,-72.19,-72.19,+42.53,+42.53
f135a37dc8cd4bead7f42f6dee689d7d98292db8.xml,Albuquerque,USA,Corvallis,NA,Forest Ecosystems and Society Department in Forestry,NA,NA,NA,NA
f17ccb68073c1cd61a698a3fade9da32d05ca84b.xml,Albuquerque,USA,Fairbanks,United States,Forest Soils Laboratory University of Alaska Fairbanks O'Neill Bldg,-148.31389,-148.2549125,64.74167,64.69889576
f395ae1c6de5cc5abe031333be4eac4a.xml,NA,NA,NA,NA,NA,NA,NA,NA,NA
f3bceeded0874160f503229ab35a9f70.xml,Albuquerque,NA,Albuquerque,NA,"Department of Biology, MSC03 2020, 1 University of New Mexico",NA,NA,NA,NA
f3e190cc96649f62bb229f162597648ca29202b2.xml,Fairbanks,USA,Brownsville,United States,"Department of Biological Sciences, University of Texas-Brownsville, One West University Blvd, LHSB 2.810",161.44672,161.49712,68.7431,68.75601
f4752e22f343f0e932d051310e786b64.xml,Corvallis,NA,Corvallis,NA,Forest Ecosystems and Society Department in Forestry,NA,NA,NA,NA
f494c8c6eb44d12f184a675bc65a2ed7.xml,Fairbanks,USA,Fairbanks,United States,Forest Soils Laboratory University of Alaska Fairbanks O'Neill Bldg,-148.3537914,-148.1426888,64.7666796,64.67834557
f537a2778654765b9b39a8b6c9a087c9.xml,NA,NA,NA,NA,NA,NA,NA,NA,NA
f5d14b46cf70ebb3365239f83ae56c90.xml,NA,NA,NA,NA,NA,NA,NA,NA,NA
f5f992bb062993a6e42dcab202d800d9ac67a8a9.xml,Albuquerque,USA,NA,NA,NA,-72.22,-72.21,+42.48,+42.47
f6476a9189d08dd0bf0d259bca28212d24a78406.xml,Albuquerque,USA,Fairbanks,United States,"Department of Biology and Wildlife, University of Alaska Fairbanks, Murie Building",-148.2682,-148.2964,64.7088,64.6991
f6599f9d58b219df91707b5b8d742262.xml,NA,NA,NA,NA,NA,NA,NA,NA,NA
f673aa386290f8d1ab2c19c507183c770c7f74a1.xml,Albuquerque,USA,Fairbanks,United States,Department of Biology and Wildlife;  Institute of Arctic Biology:  University of Alaska Fairbanks 193 Arctic Health P.O. Box 757000,-148.31389,-148.31389,64.74167,64.74167
f6bf3542416a010b826fc275098e3465.xml,Corvallis,NA,Corvallis,NA,Forest Ecosystems and Society Department in Forestry,NA,NA,NA,NA
f6d0c7c8277077d049e7494a49cccc4e.xml,Corvallis,NA,Corvallis,NA,Forest Ecosystems and Society Department in Forestry,NA,NA,NA,NA
f6ec79c3dd62ffd834186097328a8bf73eefc303.xml,Petersham,USA,NA,NA,NA,-72.19,-72.19,+42.53,+42.53
f719fed401b20a7297fb4507b4922604bdb0d4ad.xml,NA,NA,Fairbanks,United States,Department of Biology and Wildlife;  Institute of Arctic Biology:  University of Alaska Fairbanks 193 Arctic Health P.O. Box 757000,-148.2701852,-148.1435205,64.73028888,64.68584608
f7561564334bdf22ce1e5e5ebff3cad44156136d.xml,Albuquerque,USA,Corvallis,NA,Forest Ecosystems and Society Department in Forestry,-122.26172200,-122.10084700,44.28196400,44.19770400
f7c37fda2fa9cbc249e762e4a00f9435004e6ab1.xml,Albuquerque,USA,NA,NA,NA,-72.23,-72.16,+42.45,+42.55
f80caa8059ce0723d56746d7532f7d17109a0d9d.xml,Albuquerque,USA,Fairbanks,United States,Forest Soils Laboratory University of Alaska Fairbanks O'Neill Bldg,-148.3537914,-148.1426888,64.7666796,64.67834557
f858ab901308f3357bc9df0c68675313e34194d7.xml,Albuquerque,USA,Fairbanks,United States,Forest Soils Laboratory University of Alaska Fairbanks O'Neill Bldg,-148.31389,-148.2549125,64.74167,64.69889576
f8857f189c26e47f4508fdfacbbd5a2bfa91c591.xml,Fairbanks,USA,Corvallis,United States,8080 NW Ridgewood Drive,-148.32123,-148.2854,64.76594,64.69559
f929f6dcd2d4f6c74f29d8ebee2bfb6a.xml,NA,NA,NA,NA,NA,NA,NA,NA,NA
f96ed54beeecec7023f51cd9edbba78d180c74fa.xml,Fairbanks,USA,Fairbanks,United States,"Department of Biology and Wildlife, University of Alaska Fairbanks, Murie Building",-148.2682,-148.2964,64.7088,64.6991
f9d29092b9ae18cd64f9ae5680d9b35e.xml,Corvallis,NA,Corvallis,NA,Forest Ecosystems and Society Department in Forestry,NA,NA,NA,NA
fb287ef32a420f388ff5a4a5229eeea19d5d9aaf.xml,Albuquerque,USA,NA,NA,NA,-72.19,-72.19,+42.53,+42.53
fb2af3dce5ba5e25ae514343d8ff49d4af808736.xml,Redding,USA,NA,NA,NA,-72.22,-72.21,+42.48,+42.47
fce95f739424a0106ef182bda2f275f85eff8b64.xml,Albuquerque,USA,Corvallis,NA,Forest Ecosystems and Society Department in Forestry,NA,NA,NA,NA
fd526999ce870a4a1dda868b8bcdb94a48f2a808.xml,Albuquerque,USA,Corvallis,US,"USDA Forest Service, Pacific Northwest Research Station, 3200 Jefferson Way",NA,NA,NA,NA
fd8ce74666fc60c268091877a4811907b7df96eb.xml,Albuquerque,USA,NA,NA,NA,-71.92306,-72.47918,+42.72851,+42.30162
fdaca87ee828f03b5e6631886a3638c1.xml,NA,NA,NA,NA,NA,NA,NA,NA,NA
fdfeeb70de7886c4a79b56d17ea9fcd3680d0789.xml,Fairbanks,USA,Fairbanks,United States,Institute of Arctic Biology  University of Alaska Fairbanks P.O. Box 757000,-148.29207666667,-148.16160166667,64.729221666667,64.676203333333
fe3005f92e8c4cfc485dd9c7bb4be491cc33270b.xml,Shutesbury,USA,NA,NA,NA,NA,NA,NA,NA
fe756245fed313570e12e05df7b4746e.xml,Corvallis,NA,Corvallis,NA,Forest Ecosystems and Society Department in Forestry,-122.24405300,-122.11766100,44.27792800,44.20821400
fe770cd4492ff869dc58a4e7631cc92544b4915b.xml,Fairbanks,USA,Brownsville,United States,"Department of Biological Sciences, University of Texas-Brownsville, One West University Blvd, LHSB 2.810",161.44672,161.49712,68.7431,68.75601
fe7e861cf6d670cdf72259dea6ca7248.xml,NA,NA,NA,NA,NA,NA,NA,NA,NA
fe871bc9c214a0d634b5faf3843e7b96.xml,Corvallis,NA,Corvallis,NA,Forest Ecosystems and Society Department in Forestry,-122.26172200,-122.10084700,44.28196400,44.19770400
